timestamp,user,clasificaci√≥n,topic,msj
s,s,d,d,s
,,class,,
2018-10-11 20:53:45,SamuCastro1425,Neutro,apple,"@FlashPCT @mrodriguezott @Apple Confiaremos en ti , la verdad es que no me gustar√≠a dejar apple para pasar a Android , pero si no queda m√°s remedio ...."
2018-10-11 20:40:15,finalfyl,Negativo,apple,@Apple estafa
2018-10-11 20:24:00,unparrafomas,Negativo,apple,@Apple Bienvenido al consumismo mejor dicho.
2018-10-11 20:00:33,InformaBTL,Neutro,apple,. @Amazon y @Apple rechazan que sus sistemas tienen #chips del #espionaje chino  https://t.co/SGkP1fgp6k
2018-10-11 19:55:33,CertidealES,Positivo,apple,@shakesporrillo @Apple Los nuestros tambi√©n vienen con garant√≠a larga y puedes conseguirlos a ese precio ;)
2018-10-11 19:43:59,albertjorquera,Positivo,apple,La fotograf√≠a nocturna del @Apple Iphone XS Max es una pasada! Brutal el cambio en este aspecto concreto üîùüîùüîù https://t.co/TDS8cqmGpF
2018-10-11 19:42:57,joeliconx,Neutro,apple,Me gustan lo iPhones pero la verdad Google Pixel 3XL por el mismo precio del XS si tiene cargador r√°pido y adem√°s algunos accesorios   https://t.co/QTH1D9eWIW Aprendan algo @Apple
2018-10-11 19:40:39,Hugovisiglia,Negativo,apple,@Apple Bajarlo de precio! Estamos locos!? Ni con el nuevo sueldo m√≠nimo!! üòÇüòÇüòÇ https://t.co/hdSe9RTJNt
2018-10-11 19:25:43,shakesporrillo,Positivo,apple,"@CertidealES @Apple Mejor comprar uno nuevo de 200 euros que viene con garant√≠a y te va a servir para lo mismo (llamar, que te llamen y mandar whatsapp) y te ahorras un dinerito. üòè"
2018-10-11 19:00:57,sebastiansoto23,Positivo,apple,@omargcasanova @WhatsApp @Apple Si te van a leer
2018-10-11 18:49:49,MonseOrtegaaa,Positivo,apple,"@Apple te amo, pero qpd con qu√© est√°s sacando Software cada 3 d√≠as? üôÉ"
2018-10-11 18:46:48,umsalazar,Negativo,apple,"Mucho cuidado! Circula un correo fake de la Apple Store; indicando una supuesta compra y que pide confirmar o cancelar abriendo un PDF adjunto, es #Pishing ya que abre una web fraudulenta para gestionar el Apple ID @Apple @AppStore https://t.co/SSWtlFTv9x"
2018-10-11 18:37:46,chemafrias,Neutro,apple,"Pregunta seria: ¬øC√≥mo hacen para que los aud√≠fonos del iPhone no se les boten cada dos canciones? Muy bonito el dise√±o, pero no se sostienen. ¬øTendr√© que operarme las orejas? @Apple"
2018-10-11 18:35:38,DelAngelKar,Negativo,apple,A veces me da la impresi√≥n de que @Apple hace al fregadazo sus actualizaciones de iOS y luego vienen los parches de ‚Äúx‚Äù correciones de errores. üòë
2018-10-11 18:18:16,sovject,Negativo,apple,"Supongamos que se quedan sin espacio en su iPhone o Macbook, se compran espacio en iCloud. Proceden a borrar las cosas de sus dispositivos asumiendo que ya est√°n resguardados en la nube, no, se borra tambi√©n de iCloud y pierden su informaci√≥n. Son unos putos genios, @Apple. Bravo"
2018-10-11 17:59:50,_MabelMurcia,Negativo,apple,La c√°mara frontal del iPhone X‚Äôs est√° UNA MIERDA. Se devolvieron al iPhone 6 otra vez @Apple
2018-10-11 17:37:20,Aragon_Edwin,Negativo,apple,Mil y un fallas con el #iPhoneXS o el #IOS12 o de ambos pero de verdad se tienen que corregir varias cosas!! @MxApple @Apple y eso para aplicaciones nativas!! Pues qu√© pas√≥??
2018-10-11 17:32:34,Annangura,Negativo,apple,"Una vez m√°s  @Apple decepcionando, no puede ser que inviertan m√°s de 5 millones de pesos en un tel√©fono que no carga, o que cada semana o cada 15 d√≠as tengan que actualizar el iOS de los dispositivos no por el avance tecnol√≥gico, sino, para corregir errores. ¬°Vergonzoso! üò°"
2018-10-11 17:31:16,sandracastillo0,Positivo,apple,"Tan bueno es el servicio al cliente de @apple que te da la opci√≥n de elegir el tipo de m√∫sica que prefieras en lo que esperas a que te atiendan, son peque√±os detalles pero hasta eso cuidan."
2018-10-11 17:30:54,metrocuadrado,Neutro,apple,Las instalaciones de @Apple Park han costado aproximadamente 5.000 millones de d√≥lares. ¬øQu√© opinas de este nuevo edificio?  https://t.co/0r1NXxNHFK
2018-10-11 17:02:24,Alfredbarrraza,Negativo,apple,@Apple porque me hacen cargos a mi tarjeta que nunca autorice y que nunca existieron üò°üò°üò°
2018-10-11 16:41:53,agosssw,Negativo,apple,nose si cpn la plata de mis quince comprarme una csmara o un celular O HACER ALGO CON ESTE PORQUE NO ME CARGA Y NO ES EL CARGDOR ES RL CELULAR @Apple SOS UNA PORONGA
2018-10-11 16:31:50,_bree_nn,Neutro,apple,@Apple como puedo reclamar una compra que no realice yo y se est√° haciendo uso de mi cuenta ü§î @AppleSupport
2018-10-11 16:17:59,fIowerdrop,Negativo,apple,hacer las baterias mejores por favor @apple
2018-10-11 16:13:28,AlfonsoDCC,Neutro,apple,.@Apple fortalece su divisi√≥n de chips con una inversi√≥n de 600 millones de d√≥lares en @DialogSemi. Te lo cuento ‚¨áÔ∏è  https://t.co/c2QL9xIfJp
2018-10-11 16:08:31,SamuCastro1425,Neutro,apple,"@mrodriguezott @FlashPCT @Apple Seg√∫n dice Miguel el tiene ya instalado el iOS 12.1 y le va exactamente igual no ve mejor√≠a , algo que decir @FlashPCT"
2018-10-11 16:07:05,Merca20,Neutro,apple,¬øC√≥mo es que #Transsion hace de su marca #Tecno un l√≠der por encima de gigantes como @Apple y @SamsungMobile?   https://t.co/x3BptPCJEy
2018-10-11 15:44:56,ChickenShowMx,Neutro,apple,#Tecnologia @Apple quiere que vayas con profesionales o te bloquean. üíª  Nota: https://t.co/fgNi5LVeTT
2018-10-11 15:36:39,MarioLongV,Neutro,apple,"@AppleMxico  @Apple @AppleSupport necesito ayuda con mi Apple ID ‚Äúurgente‚Äù si aplicaci√≥n es in√∫til y sus soluciones tambi√©n, no me deja llamar a nadie por mi localizaci√≥n, por favor ay√∫denme"
2018-10-11 15:32:25,mariacalvoglz,Neutro,apple,@Apple Cuando llega el iwatch 4 a Mexico ???
2018-10-11 15:29:19,tateialejnm,Negativo,apple,¬øPrimero los cables y ahora aud√≠fonos? @apple deber√≠a vender cosas de mejor calidad con esos precios üòí
2018-10-11 15:05:25,AyrtonPr,Positivo,apple,No saben que m√°s hacer para superar a @Apple https://t.co/AgV0UGg8sn
2018-10-11 15:04:02,jsanxchez,Negativo,apple,"@elcorteingles @Apple No tienen stock y siguen vendi√©ndolos , desde el 27 de septiembre pedido , primero que el 12/10 y despu√©s que se retrasan hasta el 26/10. Un desastre de empresa en canal online."
2018-10-11 14:05:23,chisp7,Negativo,apple,@Omarpy202 A @Apple no gustar esto jajajaj in your face #timcook
2018-10-11 14:03:26,apradoc,Neutro,apple,"Cada vez con @Apple es ...""m√°s dif√≠cil para los usuarios de Mac arreglar sus dispositivos en casa o en un proveedor no autorizado"" ¬øComprar√≠as un equipo inform√°tico que no te permita cambiarle ""Ni el teclado""? üôÑ#ObsolescenciaProgramada #ObsolescenciaEcon√≥mica https://t.co/FBymrNsXG4"
2018-10-11 13:50:04,mismatso,Neutro,apple,"La compa√±√≠a @Apple ha incorporado en todos los dispositivos que incorporen el¬†chip T2¬†‚Äîcomo los¬†iMac Pro¬†y los¬†MacBook Pros¬†de 2018‚Äî, un mecanismo para que queden inutilizables si son reparados por terceros.  https://t.co/zzQHAIXNdc https://t.co/Ts5sbaLMRi"
2018-10-11 13:49:52,ElvisTavarez04,Negativo,apple,"Como matas un producto, con otro producto, eso hizo @apple con el XR @MARCIANOPHONE @ProfeJuANTONIO @Apple5x1"
2018-10-11 13:38:13,ProyectosEspe,Neutro,apple,"Conozca la nueva sede de @Apple #AppleCampus2, ubicado en Cupertino, California, Estados Unidos. Tiene una estructura en forma de nave espacial, con 260.000 metros cuadrados https://t.co/AF0Fb7NOpF"
2018-10-11 13:31:21,SamuCastro1425,Negativo,apple,"@FlashPCT @mrodriguezott @Apple Eso espero , por que es una pena que tenga muchas opciones desactivadas importantes del iPhone todo por ahorrar bater√≠a ."
2018-10-11 13:30:27,FlashPCT,Positivo,apple,@SamuCastro1425 @mrodriguezott @Apple iOS 12 se enfoca mucho a la estabilidad. Ya viene lo mejor
2018-10-11 13:28:21,SamuCastro1425,Negativo,apple,@FlashPCT @mrodriguezott @Apple Confiamos ! Pero yo llevo as√≠ desde que sali√≥ iOS 11 . Con iOS 10 esto no pasaba ! @Apple
2018-10-11 13:26:01,JM_garcia4,Negativo,apple,"Valiente mierda el soporte tecnico de @Apple Llevo un mes sin un movil el cual estoy pagando, lo enviado dos veces y siguen sin corregirme el fallo! Me informare y pondre las quejas oportunas @AppleSupport"
2018-10-11 13:25:23,SamuCastro1425,Positivo,apple,@FlashPCT @mrodriguezott @Apple Ok gracias
2018-10-11 13:24:27,SamuCastro1425,Neutro,apple,@FlashPCT @mrodriguezott @Apple Cuando saldr√° iOS 12.1 ?
2018-10-11 13:21:16,FlashPCT,Neutro,apple,@SamuCastro1425 @mrodriguezott @Apple Bastante. Tenga paciencia y use su iPhone en modo ahorro de energ√≠a
2018-10-11 13:19:31,SamuCastro1425,Neutro,apple,@FlashPCT @mrodriguezott @Apple Crees que iOS 12.1 mejorar√° rendimiento y bater√≠a ?
2018-10-11 13:18:31,SamuCastro1425,Negativo,apple,@mrodriguezott @FlashPCT @Apple Yo pienso que iOS 11 es igual que peor jajajaja
2018-10-11 12:40:32,diariosevilla,Neutro,apple,.@Apple  invierte 520 millones en el fabricante europeo de microprocesadores Dialog (@Dialogsemi) https://t.co/g34d6oDvko
2018-10-11 12:37:39,RogersBagginses,Negativo,apple,Pinche @Apple de mierda de nada sirven las putas alarmas de sus dispositivos si no van a sonar cuando tienen que sonar. üñïüèªüñïüèªüñïüèª
2018-10-11 11:51:12,SamuCastro1425,Negativo,apple,"@ferlajara @Fernando5x1 @Apple Yo tengo un iPhone 7 con menos de un a√±o y ya te digo la bater√≠a no me dura nada , tengo muchas opciones desactivadas con el fin de poder ahorrar algo y el modo ahorro activado. @Apple"
2018-10-11 11:48:38,AlbertoSxenick,Neutro,apple,"Los tel√©fonos m√≥viles de los menores deber√≠an tener tb clave para poder apagarlos, modo avi√≥n etc. Al menos dos.  @Apple  Por seguridad. Por ejemplo para evitar robos. https://t.co/r7346pTmtI"
2018-10-11 11:00:28,cadenapolitica,Neutro,apple,Algunos contenidos originales de Apple podr√°n ser gratuitos si tienes sus productos  #CadenaTech #Starz #HBO @Apple  https://t.co/J8oF6K5lj3
2018-10-11 10:53:41,AlbertoBernalLe,Neutro,apple,"En su opini√≥n, que @Apple saque un modelo de celular nuevo a la venta cada seis meses es:"
2018-10-11 06:00:23,sandranellyhm,Negativo,apple,@Apple Estoy tan arrepentida de haber adquirido Apple Watch serie 3 ya que afecto a mi l√≠nea de @telcel y a 3 meses no me dan una soluci√≥n no se que ya hacer porque sigo pago algo que no me funciona
2018-10-11 03:01:52,Leolucenad,Positivo,apple,Gracias @apple por estos JAMS üî•üòõüíÄ https://t.co/vQHm1fX9Ls
2018-10-11 02:25:03,oshlerplusmore,Negativo,apple,"Despu√©s de instalar Mojave, no puedo acceder a mi sesi√≥n. Gracias por el mal d√≠a @apple y los que faltan. https://t.co/vev76Qqd0p"
2018-10-11 01:43:18,FranciscoCasso,Negativo,apple,"@Apple Esta carisimo, que locura."
2018-10-11 00:58:41,camiloathem,Negativo,apple,C√≥mo le puedo decir a @Apple que no me gust√≥ la interfaz de fotos de icloud de iOS 12? Era mejor la anterior
2018-10-11 00:03:06,tavodecoronado,Neutro,apple,@vampipe Creo qu√© @apple tiene un programa de reemplazo de bater√≠as de iPhone https://t.co/QdsRyCmQX0
2018-10-10 23:28:39,Sandriux26,Negativo,apple,@Apple y su maldicion de los aud√≠fonos inc√≥modamente dolorosos y sus cables del diabloüö´
2018-10-10 23:04:34,Ferniprrra,Negativo,apple,Muy mal no poder escuchar m√∫sica y cargar el celular al mismo tiempoüò°üò°üò° @apple
2018-10-10 22:51:55,YoSoiTuLSR,Neutro,apple,#YoSoiTu El contenido streaming de @Apple ser√° gratis para usuarios de sus productos https://t.co/j1o5j8AtnA https://t.co/LpbCrXKqgF
2018-10-10 22:44:58,AaronGonco,Negativo,apple,"Hola @Apple, @iShop_Mixup tengo un inconveniente con la duraci√≥n de bater√≠a del  iPhone XS, al momento de comprarlo me mencionaron que las duraciones de la bater√≠a ser√≠a de hasta 20 hrs, lamentablemente la duraci√≥n de bater√≠a de mi equipo solo es de 10 hrs, ¬øque puedo hacer? https://t.co/vjv7eBtZOI"
2018-10-10 22:14:04,Mendezedu,Negativo,apple,Estoy odiando el nuevo macOS Mojave. Vive reinici√°ndose üò≥üî´@Apple @AppleMxico
2018-10-10 22:13:46,robertobarquin,Negativo,apple,"Una tristeza lo que est√° haciendo #TimCook con .@Apple  Pareciera que solo quiere arrancarte la mayor cantidad de billetes, si por alguna raz√≥n quieres ser fiel a #iPhone. Ya de forzarte a reparar tu #MacBookPRO con ellos mejor ni hablamos.  #WorstCEOever  https://t.co/3DtQEZA3Zi"
2018-10-10 21:36:38,omargcasanova,Negativo,apple,No puede ser que siga fallando whats @WhatsApp @Apple son una mierda
2018-10-10 21:21:04,soyunseatibiza,Negativo,apple,Que no os voy a comprar el puto m√≥vil hostia @Apple https://t.co/MqWW5q4Ge2
2018-10-10 20:44:23,josera1423,Negativo,apple,@Apple Dicen que su software y su bater√≠a valen pa pura verga
2018-10-10 20:44:01,jm22381,Neutro,apple,"Esto es lo que hace Spektral , la √∫ltima compa√±√≠a adquirida por @Apple para que vayan imaginando lo que har√° el iPhone de 2019 https://t.co/hU5tY7v9w1 #tech #MachineLearning #AI #chromakey @tjh84"
2018-10-10 20:38:20,edgarkrrillo,Negativo,apple,Es en serio @Apple? Ya no encuentro fundas para iPhone X!! üòû
2018-10-10 20:20:34,AlexdelPaso,Negativo,apple,@maza_sr @MacStoreMx @Apple No sea metiche cabron! Por cierto mismo servicio que iba tardar 3-5 d√≠as en la Macstore y 15 mil pesos; me lo hicieron en una hora y por menos de la mitad! Y funcionando perfecto mi MacBook! ‚ÄúGran servicio‚Äù de las Macstore ! Muy acorde al precio de los productos !
2018-10-10 20:17:03,oriol1986,Positivo,apple,¬øOs he dicho ya que estoy enamorado del Calendario en el modo oscuro de #macOS #Mojave? Pues eso. Gracias @apple ‚ù§Ô∏è‚ù§Ô∏è‚ù§Ô∏è https://t.co/HaD9LHRmFA
2018-10-10 20:11:16,Arquera1942ang1,Positivo,apple,@Apple me encantan los iPhone
2018-10-10 19:51:24,maza_sr,Positivo,apple,"@MacStoreMx @AlexdelPaso @Apple Amigos de Mac, no caigan, mi amigo Alejandro se queja de todo todo el tiempo seguro solo quiere cosas gratis!!!!!"
2018-10-10 19:39:29,Rafersp,Positivo,apple,Acabo de experimentar algo y la  respuesta fue muy acertada. Muy bien Siri muy bien @Apple  Hasta ella lo sabe üòÇ https://t.co/geSXSl5xiF
2018-10-10 19:29:52,ihellochris,Negativo,apple,@Abrakhadaver Acabo de mirar en la web de @apple y no encuentro la carcasa con bater√≠a el iPhone Xs ü§¶üèª‚Äç‚ôÇÔ∏è
2018-10-10 19:20:56,as_informatico,Negativo,apple,"@Apple Habr√© visto ya este anuncio como 30000000 millones de veces cada pocos tuits, de tanto verlo le he cogido un asco bestial a los nuevos terminales de Apple. Os hab√©is pasado de rosca, el exceso de publicidad ejerce el efecto contrario al deseado."
2018-10-10 19:10:10,Felipe80339948,Neutro,apple,@Apple Llava ya radio FM incorporada?
2018-10-10 19:00:28,LuisGyG,Neutro,apple,üíªüòÆ #LoM√°sLe√≠do ¬øYa conoces el nuevo sistema operativo de @Apple para las Macs? Te cuento todo lo que necesitas saber del macOs Mojave.  https://t.co/yAGVBXH15L https://t.co/HgADUxoD5a
2018-10-10 18:56:59,jberlana,Positivo,apple,"@CarlosBeneyto @Apple A mi me ha ido fin√≠simo el Air, el mejor portatil que he tenido, sin duda. Pero llevan sin actualizarlo desde 2015, no?"
2018-10-10 18:55:45,CarlosBeneyto,Positivo,apple,@jberlana @Apple Pues me va estupendamente bien la verdad y no me quer√≠a gastar +450‚Ç¨ de la diferencia con el pro. Pero tuve que cambiar forzosamente
2018-10-10 18:36:15,carlos_cinico,Negativo,apple,"@elcorteingles No os fi√©is mucho. Yo compre a @elcorteingles un @Apple watch. Compromiso de entrega ‚Äúantes del 11 de octubre‚Äù ayer, me retrasan 15 d√≠as el compromiso de entrega, sin m√°s explicaci√≥n ni compensaci√≥n. Lo sienten, y puedo anular pedido. Yo quiero el reloj!"
2018-10-10 18:31:26,WonderSlugg,Positivo,apple,@Timely91 @Apple Eso har√©. @Apple muchas gracias
2018-10-10 18:29:57,srllama22,Negativo,apple,@Apple Note 9 es mejor
2018-10-10 18:18:52,robertobarquin,Negativo,apple,"Asi trata a sus clientes .@Apple ü§Æ  Como ven #iPhoneX 64Gb de remate en $7,999  Muy probablemente esta siguiendo el camino de #BlackBerry y es tan ciego #TimCook que no se ha dado cuenta."
2018-10-10 18:06:41,WonderSlugg,Negativo,apple,TENER QUE FORMATEAR UN DISCO DURO EXTERNO PARA CAMBIAR EL FORMATO POR QUE MAC NO ACEPTA NTFS PERO POR QUE @APPLE HAC√âIS ESO QUER√âIS MATARME O QUE PASA
2018-10-10 18:05:05,cucu_reloj,Negativo,apple,@Apple c√≥mo la cagaron con la entrada de los auriculares y cargador igual! No puedo escuchar m√∫sica y cargar el celular al mismo tiempo. Todav√≠a los auriculares inal√°mbricos salen m√°s caro que un celular nuevo!  #apple #iphone
2018-10-10 17:40:39,Rubieldecuba,Positivo,apple,@opinatecno @Apple Esa es la Apple que conozco .la que nos da soluciones en lo que canta un gallo...saludos !!!
2018-10-10 17:31:26,L30_AguilarC,Positivo,apple,"@anavictoriaga iPhone por sobre todo !! Y toda la infraestructura de @Apple hace de mi trabajo y vida m√°s f√°cil,  No me cambiar√≠a por nada !!"
2018-10-10 17:13:35,OvejaElectrica_,Negativo,apple,"@CompaEVLN @backstreetboys @onedirection @Apple No mames. Neta, est√°s argumentando mucha pendejada."
2018-10-10 16:55:50,g_revi,Negativo,apple,"¬øAlguien m√°s est√° harto de la cantidad de cables y adaptadores que se necesitan para usar una MacBook? @Apple Y para el celular, o lo cargas o usas aud√≠fonos. Hay algo mal ah√≠ ¬øno?"
2018-10-10 16:44:28,Teelker,Negativo,apple,"@Apple Dejaros de pantallas de mierda, mi pantalla inrrayable est√° rayada.... buscad soluci√≥n a la actualizaci√≥n de iOS que se carga la bater√≠a!!!!!"
2018-10-10 16:34:54,AntonioFRojo,Negativo,apple,"S√∫per arrepentido de haber comprado un MacBook de @Apple , esto es para ricos que no les importe o duela el dinero! Un simple error y se va todo al garete! üòûüòûüòûüòû"
2018-10-10 16:34:28,HuaweiMobileMx,Positivo,apple,"@michipanero1801 @PuercoMorado @Apple Cada quien es libre de usar el equipo que prefiera, sin embargo, los que saben donde est√° la mejor tecnolog√≠a nos prefieren a nosotros. üòé"
2018-10-10 16:34:17,MacStoreMx,Neutro,apple,"@AlexdelPaso @Apple Hola Alejandro buen d√≠a, nos puedes mandar DM con toda la informaci√≥n por favor lo vamos a ver de forma directa saludos."
2018-10-10 16:33:35,yoongidefense,Positivo,apple,@Apple te amo
2018-10-10 16:27:36,AlexdelPaso,Negativo,apple,"Las @MacStoreMx abren a las 11 pero servicio cliente no abre hasta las 12, si no llevas el documento te cobran 200 pesos... eso agregando que me quieren cobrar 15mil por repararle una tarjeta flash a mi MacBook (ni lo que vale la computadora)! Que asco de servicio @Apple"
2018-10-10 16:21:35,PaisDeMaricadas,Positivo,apple,#Siri de @Apple la tiene muy clara.  #ColombiaMarica https://t.co/pQi9w8wc5I
2018-10-10 16:20:00,38consumer,Neutro,apple,@Apple lanza una campa√±a para el nuevo #iPhoneXS.  Growth Spurt  https://t.co/E1K6qiDCXK
2018-10-10 15:40:38,Comunidad_ICREA,Neutro,apple,"C√≥mo se comportan @google, @amazon @Microsoft  y @apple en consumo de energ√≠a #renovable seg√∫n @bloomberg #miercolesdeICREA https://t.co/6GezH0WfH8"
2018-10-10 15:05:48,veronica_uc,Negativo,apple,@Apple que mala la actualizaci√≥n que mandaron üò°
2018-10-10 15:05:44,RamParra,Negativo,apple,@Apple Ahora si se pasaron est√°n car√≠simos
2018-10-10 14:48:40,ductoslago,Positivo,apple,Creo que @Apple no le ha apostado a mejorar su camara!!! Hasta no ver un cambio significativo regresare a #apple. https://t.co/ZQAapxHtqJ
2018-10-10 14:35:20,kroquejarme,Negativo,apple,Ni un a√±o ha pasado de que compre mi IPhone 7 y ya se descarga r√°pidamente la pila y se calienta üò°@ServicioTelcel @Telcel @Apple @Profeco
2018-10-10 14:21:30,PodiumPodcast,Positivo,apple,@pencil_ilustra @ElGranApagon @Apple üòç ¬°Lucen bien en cualquier sitio!
2018-10-10 14:14:42,barrdega,Neutro,apple,Lo que debe saber acerca de @Apple macOS Mojave y @VMware Workspace ONE UEM: https://t.co/2qKpFE8k93 https://t.co/166SrnJjce
2018-10-10 13:59:51,EduardoPradanos,Negativo,apple,"@OMsjG @Apple Diooooos, odio eso tambi√©n. Te deja sin poder usarlo un buen rato cada vez que se acaba la bater√≠a..."
2018-10-10 13:50:00,RoyalePeke,Negativo,apple,"Lo unico que le falta a los airpods es poder subir y bajar el volumen, ya sabeis @Apple cabrones"
2018-10-10 13:33:20,cisrael09,Negativo,apple,"Que desastre actualice mi iPhone y est√° funcionando muy mal,@apple est√°n perdidos!!!!"
2018-10-10 13:32:07,Oncoblogg,Negativo,apple,"Atenci√≥n penosa en Apple Puerta del Sol. 40 minutos esperando (y lo que queda) para recoger un pedido online, para el que ellos mismos me han avisado ayer diciendo que ya estaba disponible. Un desastre. @Apple"
2018-10-10 12:26:29,lauribelen,Positivo,apple,@cigmx @tuQuejaSuma @Apple @AppleMxico yo lo actualic√© y anda Perfecto
2018-10-10 12:15:27,davedsg,Positivo,apple,@Apple Gracias pero yo soy amante de las pantallas m√°s peque√±as. Enamorado de mi SE y esperando nuevo modelo üòä
2018-10-10 12:12:03,ytasier,Negativo,apple,@Google @Apple Aprended a hacer m√≥viles por favor
2018-10-10 11:23:07,jorgeescoba5,Negativo,apple,@Apple Podriais ppner una bateria que valga la pena porfavor
2018-10-10 10:31:45,visioninvisible,Positivo,apple,Original Sin... la Apple I fue la primera computadora vendida por @apple en 1976 y sent√≥ las bases para una de las compa√±√≠as que cambi√≥ definitivamente la industria ~ . . . #apple #applei #computer #personalcomputer #stevejobs #wozniak #history https://t.co/TnmPxhAvVx https://t.co/wnZuBx1819
2018-10-10 09:56:14,sprngdxy,Negativo,apple,el nuevo teclado con la actualizaci√≥n QUE HORROR @Apple se pueden ir a la caca
2018-10-10 09:23:58,moonlxghht,Negativo,apple,mira honestamente me cago en vuestro servicio t√©cnico de mierda mamonazos @Apple
2018-10-10 08:11:33,sergios43604973,Negativo,apple,@Apple otra basura con nombre distinto https://t.co/eZlxFLEmJj
2018-10-10 07:38:06,albafmesa,Negativo,apple,"Os puedo asegurar que cada vez que actualizo me sale, el acoso es real @Apple basta yaüò© https://t.co/9RX5Mda8yq"
2018-10-10 04:29:43,andypazr,Positivo,apple,gracias @Apple https://t.co/uRTLYNK3Sy
2018-10-10 04:13:29,AlexdelPaso,Negativo,apple,Con la novedad de que el cambio de la pieza da√±ada de mi MacBook cuesta 15 mil pesos! Y mi compu al d√≠a de hoy no vale m√°s de 12-13 mil! @Apple algo no me cuadra! ü§î creo que es un robo vil y descarado lo que cobran de servicios!
2018-10-10 04:04:47,cigmx,Negativo,apple,Yo tambi√©n tengo esa falla #iphone7Plus despu√©s de actualizarlo al ios12 dejo de funcionar el audio @Apple somos muchos afectados y nos quieren cobrar por el reemplazo!! @AppleMxico necesitamos su ayuda @tuQuejaSuma https://t.co/UaN1TxMAZ5
2018-10-10 03:42:28,antoniotwitero2,Negativo,apple,"@samsungmobilemx @Apple y @SamsungMexico ya es lo mismo, ya no sorprenden, s√≥lo agregan memoria ,un nuevo nombre, publicidad y pum 5,000 pesos m√°s. Se siguen fiando de sus ""fieles"" clientes, no se dan cuenta que ya hay mejor competencia, se est√°n tirando a dormir."
2018-10-10 02:45:44,carnato99,Negativo,apple,@Apple menuda casta√±a los AirPods a los 6 meses la bater√≠a de cada auricular dura 2 horas como mucho .. imag√≠nate en medio de una conversaci√≥n telef√≥nica ... una decepci√≥n .. nunca mas
2018-10-10 02:28:00,adolfotabaresg,Positivo,apple,"Como usuario @Apple me alegra que @MacCenter abra tienda en @nuestrouraba y con gran expectativa, no veo la hora de estar viendo estos productos ofrecidos al p√∫blico de la regi√≥n. Gracias por creer en #Urab√°"
2018-10-10 01:45:13,BauuMas,Negativo,apple,@Apple la concha de tu madreeeeeeeeeeeee
2018-10-10 00:14:36,MariaBarron22,Negativo,apple,"Tampoco me permiten probar el equipo, por que me lo entregan completamente sin pila ! @Apple @Profeco @iShop_Mixup https://t.co/PCtRBUd9V2"
2018-10-09 23:54:56,gustavo_kc,Positivo,apple,"@anavictoriaga .@anavictoriaga IPHONE, no por qu√© sea mejor, todos son buenos pero la forma de usarlo es m√°s f√°cil y el flujo de trabajo en un entorno @Apple es bastante agradable y fluido. A mi me funciona bien, depende de tus necesidades ser√° el equipo pero seguro ese te acomodar√≠a muy bien."
2018-10-09 23:52:28,cesarchinese,Neutro,apple,Alguna aplicaci√≥n de iOS para descargar videos de Facebook en el iPhone?? @Apple #ios #iphone
2018-10-09 23:51:10,djshowjames,Negativo,apple,"@vodafone_es @apple llevo 5 d√≠as sin mi iPhone. Es como si llevara un mes.... decidme que d√≠a me lo vais a llevar a la tienda arreglado, porfavor!!!!! NO PUEDO MAAAAASSSSSSSSSSSSSS üëäüèªüò•"
2018-10-09 23:48:43,MariaBarron22,Negativo,apple,Solo dejo mis √≥rdenes ah√≠! Y llevo m√°s de 40 min aqu√≠ @Apple @Profeco @iShop_Mixup https://t.co/ApEprtvytj
2018-10-09 23:37:40,MariaBarron22,Negativo,apple,Continuando con mi drama en @Apple llegue y todas las personas de servicio se fueron!
2018-10-09 22:43:56,requena079,Negativo,apple,@Apple Se perdi√≥ la esencia del iPhone.  Parece un Samsung y no es mamada.
2018-10-09 22:31:43,JoshPamanes,Neutro,apple,@InfoSpyware a partir del update de #MacOSMojave comenc√© a experimentar lentitud en los procesos de safari y chrome. Instale Antivirus Zap desde #Appstore .  Detect√≥ dos #Adware . Se los comparto para el an√°lisis. @Apple @applesfera @Apple5x1 @apple https://t.co/cFkLXrqpx2
2018-10-09 22:23:43,josetes112,Neutro,apple,Vamosss #ModeUpdate #IOS12 #apple cc/ @Apple https://t.co/3tlzXe2ZFC
2018-10-09 22:23:21,susamarting,Positivo,apple,@Latanace @Apple @el_pais Los de Apple hacen milagros... Crucemos los dedos ü§ûüèªü§ûüèªü§ûüèªü§ûüèª
2018-10-09 21:59:38,Garci871,Negativo,apple,"@Apple Mi opini√≥n es que para hacerse 4 fotos, escuchar m√∫sica, leer los peri√≥dicos , visitar alguna que otra p√°gina , usar el navegador , wassup y las 4 app de moda aparte de alg√∫n q otro juego no hace falta un m√≥vil de 1700 euros"
2018-10-09 21:59:23,hentschelb,Negativo,apple,"Que frustracion, nadie sabe nada del @apple watch series 4 con @Telcel..."
2018-10-09 21:54:35,cfdrok,Negativo,apple,Tengo la actualizaci√≥n de iOS y sigo con el mismo problema del Bluetooth Ô£ø @Apple @AppleSupport @Apple5x1
2018-10-09 21:45:07,JCRequenaO,Neutro,apple,Todo comenz√≥ en un GARAJE . . . . @apple #SteaveJobs #ElMBAqueEsperabas #Aquora # https://t.co/ovfnkBry5N
2018-10-09 21:44:14,melissaolive1ra,Negativo,apple,@Apple Me estoy deprimiendo
2018-10-09 21:00:08,SoyEntrepreneur,Negativo,apple,#TomaNota  @Apple ya no te dejar√° reparar tu Mac por tu cuenta üò§  https://t.co/l7lj2wirMC https://t.co/S0to6rusl8
2018-10-09 20:30:00,RevistaCromos,Neutro,apple,@Apple inhabilitar√≠a reparaciones no autorizadas en productos Mac. https://t.co/lpB9bDjGAW https://t.co/NnOEoQ0iTU
2018-10-09 20:20:35,zea_barrios,Positivo,apple,"@Apple Excelente propuesta , funcionarios de la Adm p√∫blica deben participar"
2018-10-09 19:56:59,JotaCalderone,Negativo,apple,"El notch es el peor invento de la humanidad, gracias @Apple"
2018-10-09 19:52:14,alegkobi,Negativo,apple,@Apple Os cuesta 50 hacer uno y luego lo vendeis por 1200 por tener una fruta en la parte trasera
2018-10-09 19:37:27,Teelker,Negativo,apple,PUTA MIERDA de √∫ltima actualizaci√≥n de #IOS @iPhoneEnEspanol @Apple ahora necesito recargar el m√≥vil 3 VECES al d√≠a!!!!!!! Pero que co√±o hacen los que verifican las actualizaciones?????
2018-10-09 19:33:48,lrgh_82,Negativo,apple,@Apple Apple siguen mintiendo y robando a sus clientes
2018-10-09 18:59:04,jesuspasg,Positivo,apple,Condenado. Haciendo lo que amo. @Apple #MacBookPro @iFixit https://t.co/zsYx9tAwkM
2018-10-09 18:28:16,tutziiepop,Neutro,apple,@Apple me lleg√≥ un correo bastante extra√±o sobre una compra... llego en un pdf la confirmaci√≥n ü§î https://t.co/fMGOFSaDFk
2018-10-09 18:27:23,Kevinvillaa10,Negativo,apple,joder @apple tus putos earpods son m√°s fr√°giles que gareth bale y ya es decir
2018-10-09 17:43:20,kindree24,Negativo,apple,"IPhone 6 ambas c√°maras muertas y linterna muerta, una mierda el IOS 12 @Apple ladrones qls jaja"
2018-10-09 17:33:17,Carlos_Barreras,Negativo,apple,"@vicopico @Apple Exacto c√≥mo el Xiaomi Mi8, yo ya quiero deshacerme de mi iPhone 7 Plus"
2018-10-09 17:28:33,Fractaleo,Positivo,apple,@VacteriaViloria @Apple Fierro
2018-10-09 17:22:10,ndresbar,Positivo,apple,"Y por eso @Apple se sigue quedando con la mejor (no la mayor) parte del mercado latinoamericano, a pesar de su poca innovaci√≥n a√±o con a√±o #MadeByGoogle https://t.co/nf9LNy2nzV"
