2018-10-11 20:44:51,PabloK75,@AdrMaidana @NNprytuluk @Aerolineas_AR ğŸ‘ğŸ¼ğŸ‘ğŸ¼ğŸ‘ğŸ¼ Usted que sabe... hay data de lo que sale por AR cargo ?
2018-10-11 20:41:52,ViajarSiempre,"@nomecallomasok @PabloK75 @Aerolineas_AR Yo hace muchos aÃ±os ya habÃ­a visto manzanas en EEUU, lÃ³gicamente de RÃ­o Negro, es un orgullo ver productos nuestros, tan nobles en el exterior!"
2018-10-11 20:36:21,NNprytuluk,"@AdrMaidana @PabloK75 @Aerolineas_AR No sabÃ­a eso, pensÃ© que desapareciÃ³ junto con ese 737 que era solo cargo. Gracias por la Info!!"
2018-10-11 20:34:53,AdrMaidana,"@NNprytuluk @PabloK75 @Aerolineas_AR Nunca se fue... Siempre estuvo AR Cargo... Son quienes sacan esos arÃ¡ndanos de hecho, entre otras millones de cosas que no se publicitan"
2018-10-11 20:31:09,NNprytuluk,@PabloK75 @Aerolineas_AR Por esto siempre pienso que deberÃ­a volver AerolÃ­neas Cargo
2018-10-11 20:28:32,Flight_News16,"@Aerolineas_AR  lo transporta a Miami y Nueva York, como asÃ­ tambiÃ©n a Madrid y Roma, desde donde se distribuye a Amsterdam, FrÃ¡ncfort y MÃºnich, las ciudades donde mÃ¡s se consume."
2018-10-11 20:25:40,PabloK75,@nomecallomasok @Aerolineas_AR En casa estÃ¡n a full !! Decime donde que los llevo !! ğŸ˜‚ğŸ˜‚ğŸ˜‚ https://t.co/dYJC4l4eFY
2018-10-11 20:23:49,Flight_News16,"@Aerolineas_AR completÃ³ la semana pasada el envÃ­o a EE.UU. de un cargamento de arÃ¡ndanos producidos en TucumÃ¡n, los cuales forman parte de las 16 mil tn que anualmente exporta el paÃ­s, sobre una producciÃ³n total de 21 mil. Cada semana parten 42 vuelos con un total de 300 tn. https://t.co/WsPIqwaQLS"
2018-10-11 20:21:04,nomecallomasok,@PabloK75 @Aerolineas_AR Vi limones argentinos.en florencia
2018-10-11 20:18:15,DNDConsumidor,@yesicak @Aerolineas_AR @MindeTransporte Hola. El formulario ya estÃ¡ funcionando correctamente. VolvÃ© a intentarlo sin adjuntar archivos y contanos si pudiste cargar el reclamo.
2018-10-11 20:13:58,PabloK75,300 toneladas de arÃ¡ndanos por semana se van por @Aerolineas_AR   https://t.co/wiywEraGMF
2018-10-11 20:12:57,AleSchwartz1,"@Aerolineas_AR vuelo que cambiÃ³ de horario, demasiada gente, soy muy muy muy fobica y la falta de distancia interpersonal me estÃ¡ matando."
2018-10-11 19:43:13,martindponte,@Aerolineas_AR hola fue consulta por DM
2018-10-11 19:39:53,AmeliaSchulz22,EANA  PresentaciÃ³n de Plan de Vuelo 2 horas antes. @De_aviacion @aviaciondigital @Floxie10 @aviacionline @Aerolineas_AR @aeropuertoeze @Norwegian_ARG   https://t.co/hlbobiZNAl
2018-10-11 19:33:45,Gon_lam,@Aerolineas_AR imposible comunicarme por telefono. Necesito cambiar pasajes y no se puede online.
2018-10-11 18:54:12,yesicak,"@DNDConsumidor @Aerolineas_AR @MindeTransporte termine de cargar TODOS LOS DATOS y me dice que la pagina no funciona, parece el colmo, estoy haciendo un reclamo porque @Aerolineas_AR me cag* por una pagina web y @DNDConsumidor me pasa una pagina que no funciona ğŸ˜¡ idem lo de aerolineas"
2018-10-11 18:47:44,LelyBrito79,"@Aerolineas_AR necesito saber cÃ³mo cambio mis pasajes, si pudiesen responder algunos de mis mails se lo agradecerÃ­a."
2018-10-11 18:44:20,Chicho30125858,@Aerolineas_AR Mentira!!! Ni en esta ni en la otra promociÃ³n conseguÃ­ esos precios desde Salta.. capaz que no la consideran dentro de Argentina
2018-10-11 18:14:02,ArielBrizuela8,La mina era mÃ¡s mentirosa que promo de @Aerolineas_AR  jaja.. Andaaa!! https://t.co/3YTaoRphpT
2018-10-11 18:10:28,karilamas17,"@panchada @Aerolineas_AR Ok,, gracias!!ğŸ‘ğŸ–ğŸ–"
2018-10-11 18:09:46,panchada,@karilamas17 @Aerolineas_AR Siempre mitad d semana es mÃ¡s barato un vuelo y elijo la hora q sale menos q por lo general es o muy temprano o mediodÃ­a...
2018-10-11 18:08:35,karilamas17,@GelpClaudio @Aerolineas_AR Ala vuelta de la esquinağŸ˜‚ğŸ˜‚ğŸ˜‚ğŸ˜‚
2018-10-11 18:07:52,karilamas17,@MalelaLem @Aerolineas_AR JajajağŸ˜‚ğŸ˜‚ğŸ˜‚ğŸ˜‚
2018-10-11 18:06:26,karilamas17,"@HCAQUILMES @Aerolineas_AR Haaa, gracias"
2018-10-11 18:05:52,karilamas17,"@panchada @Aerolineas_AR CÃ³mo haces?,,a quÃ© hora y fecha mas baratos?"
2018-10-11 17:47:45,PrensaTucTur,[ARCHIVO] El JardÃ­n de la RepÃºblica se posiciona como Destino ante operadores junto a @Aerolineas_AR y #AerolineasVacaciones https://t.co/Xp4CRIIdma #Tucuman #Argentina
2018-10-11 17:29:52,tomateloco1,"@a_arreyes @diegobush78 @Cjb_cu @Aerolineas_AR no tontito.. ves que sos tonto e ignorante? 12 aÃ±os estuvo subsidiando el estado a los consumidores, ahora subieron las tarifas, si lees tu factura (sabes  leer?) le sacaron el subsidio a la tarifa Y ENCIMA AHORA EL ESTADO COMPENSA SUPUESTAS PÃ‰RDIDAS Sos tan globo ignorante"
2018-10-11 17:28:16,jfarjona,"@LATAM_ARG pÃ©simo servicio, mala atenciÃ³n, no solucionan problemas de los pasajeros porque no responde a su protocolo. Prometen cosas que no cumplen!!!!!. @Aerolineas_AR Argentinas, pude comprar equipaje por la web sin problemas."
2018-10-11 17:25:30,DNDConsumidor,"@nicolas_zad @Aerolineas_AR Â¡Hola! Si encontraste una oferta que te pareciÃ³ engaÃ±osa, podÃ©s reclamar acÃ¡ â†’ https://t.co/VI6XE5CVmb."
2018-10-11 17:06:18,SuFuentesA,@Aerolineas_AR me cambiaron el horario de un vuelo y perdÃ­ la conexiÃ³n. Tuve q volver a comprar un pasaje q me saliÃ³ una fortuna y ustedes no me dan ninguna rtta. a mi solicitud de compensaciÃ³n a este problema que no sÃ³lo fue econÃ³mico sino que me causÃ³ inconvenientes adicionales
2018-10-11 17:02:18,zagrut,@Liliana202702 @Aerolineas_AR Cual le sacaron? Gracias a las low cost por fin empezaron a ofrecer precios mÃ¡s coherentes. La competencia es sana. Lo que pasa es que los empleados de aerolÃ­neas no quieren que otra gente tambiÃ©n pueda trabajar
2018-10-11 16:46:49,andycai71,"@Aerolineas_AR me pueden explicar para que ponen una promociÃ³n de compras de millas y obtener el doble si cuando lo vas hacer no te deja, lo estoy intentando desde ayer ğŸ˜¡ğŸ˜¡ğŸ˜¡"
2018-10-11 16:46:36,Liliana202702,@zagrut @Aerolineas_AR Dios quiera sea asÃ­!!! Pero le han sacado muchas rutas y otorgado a nuevas low cost y ningÃºn dirigente polÃ­tico se presentÃ³ a la licitaciÃ³n de nuevas rutas.  @Aerolineas_AR Argentinas tiene un excelente servicio gracias al esfuerzo de todo sus empleados!!!
2018-10-11 16:36:15,a_arreyes,"@tomateloco1 @diegobush78 @Cjb_cu @Aerolineas_AR 12 aÃ±os ""ESTUVIMOS"" bancando y subsidiando empresas estatales. Me estÃ¡s cargando no? Donde fue a parar esa plata? Nos quedamos sin reservas y cero inversiÃ³n de esas empresas estatales Esta torta en algun momento se va dar vuelta. Hasta 2031 tenes tiempo para seguir pataleando."
2018-10-11 16:26:50,eldabg,"@Aerolineas_AR Hola. AEP-PDP, la diferencia entre econÃ³mica y flexible, solo es la posibilidad de cambiar el vuelo? Gracias"
2018-10-11 16:16:03,DNDConsumidor,@yesicak @Aerolineas_AR @MindeTransporte Â¡Hola! Se reclama acÃ¡ â†’ https://t.co/VI6XE5CVmb.
2018-10-11 16:15:41,zetawaysant,@juangerosa @quiz_viajero @Aerolineas_AR todas las reservas de AerolÃ­neas Argentinas se ven en Trip Case y desde allÃ­ accedÃ©s a los tickets electrÃ³nicos tambiÃ©n.
2018-10-11 16:08:15,Polita9999,@kvivi24 @adrianratam @Aerolineas_AR Hay que volver siempre como a RÃ­o ğŸ˜‰
2018-10-11 16:05:26,kvivi24,"@Polita9999 @adrianratam @Aerolineas_AR Es hernoso, tambien andaba con ganas de volver porque siempre cambia el paisaje, asi que volverÃ© ğŸ˜€"
2018-10-11 16:03:58,Polita9999,"@kvivi24 @adrianratam @Aerolineas_AR ğŸ‘ğŸ»ğŸ‘ğŸ»ğŸ‘ğŸ» Cataratas que lindo destino, fuÃ­ dos veces y volverÃ­a mil veces mÃ¡s"
2018-10-11 16:03:11,kvivi24,"@adrianratam @Aerolineas_AR Espectacular, tenia pasajes saliendo desde foz, estaba esperando algo bueno, con lo que me ahorro me hice de yapa 2 dias en las cataratas antes de partir, eapectacular ğŸ’ªğŸ’ªğŸ’ª"
2018-10-11 16:00:23,adrianratam,@kvivi24 @Aerolineas_AR Vaamooooosss Vivi!!!!
2018-10-11 15:59:50,kvivi24,Como twiter es servicio gracias a @adrianratam y su blog que publicaron la nueva tabla de @Aerolineas_AR emiti para cataratas con millas y un excelente precio! Espectacular
2018-10-11 15:59:07,MLaura_Lastres,"Quieren saber como terminÃ³ el #CheckInGate? Aldana de @Aerolineas_AR me destrabÃ³ el proceso, parece que quien me atendiÃ³ antes no sabÃ­a hacerlo y me pateÃ³ a @almundo_ar donde #Nahuel me dijo cosas como ""El aviÃ³n no es de AlMundo"" o ""deberÃ¡ pagar por su asiento"" #TengoMiAsiento"
2018-10-11 15:54:17,agflora,"@Aerolineas_AR Y si Ã©stos no llegan a diciembre, la promo sigue??"
2018-10-11 15:52:44,zagrut,"@Liliana202702 @Aerolineas_AR Contame, quÃ© es lo que estÃ¡ haciendo para regalarla? AerolÃ­neas Argentinas estÃ¡ teniendo un crecimiento constante de pasajeros, hay muchas nuevas rutas y necesita cada vez menos subsidios. CuÃ¡l es el regalo?"
2018-10-11 15:48:13,EnTurBA,"En las oficinas de @Aerolineas_AR en #AsunciÃ³n, capacitamos a operadores y agentes de viaje de #Paraguay sobre las novedades de la oferta turÃ­stica de #BuenosAires. ğŸ‡¦ğŸ‡·âœˆï¸ğŸ‡µğŸ‡¾ https://t.co/rSPq6mLIvh"
2018-10-11 15:44:41,javo4007,@Aerolineas_AR Verso
2018-10-11 15:21:55,MTerzzoli,En el Aeropuerto Malvinas Argentinas #Ushuaia esperando para volar a Bs As. @Aerolineas_AR  #findeXXL https://t.co/qnufGlmx7S
2018-10-11 15:20:54,carranzacacho,"@ESPNFutbolClub @FALCAO DeberÃ­a entrar en @Aerolineas_AR , elegir un vuelo a Bs As. Los hinchas pagamos el boleto"
2018-10-11 15:10:41,LolaRuiz64,@alebresky @Aerolineas_AR @mauriciomacri ğŸ’ªğŸ‘ğŸ‘ğŸ‘ğŸ‘ğŸ‘ğŸ’™VAYAMOS ARGENTIDA CARAJOğŸ’ªğŸ’™ğŸ’™ğŸ’™
2018-10-11 15:06:40,GustiAcrent,"Seria bueno que los pelotudos de @Aerolineas_AR carguen la info correcta. Ayer publicaron que el cambio para pasajes de hoy era 38.00 y asi sigue figurando en la web de agencias , mientras los sistemas estan cotizando a 38.10. Sigan rompiendo los huevos. https://t.co/NP0yzOMBYJ"
2018-10-11 14:43:07,LopezChavo,@maurii_ponc3 @gamba1063 @Aerolineas_AR Hay que llegar al verano broğŸ’ªğŸ’ªğŸ’ª
2018-10-11 14:43:04,rdklopsch,En #Paraguay ğŸ‡µğŸ‡¾ capacitamos a Operadores TurÃ­sticos y Agentes de Viaje de AsunciÃ³n en las oficinas de @Aerolineas_AR . Una nueva oportunidad para contar la renovada oferta de #BuenosAiresCiudad #Gracias al equipo de #AR #GastÃ³nDeChazal junto a @ElCalafateOK #PromociÃ³nBA #Travel https://t.co/UXCiYBHRI8
2018-10-11 14:30:16,arielrobotech,@Aerolineas_AR Un chofer no necesitan registro cnrt
2018-10-11 14:28:01,marianoaleg,@MatiasBasket3 @Aerolineas_AR Porque 699 es por tramo... hay que leer.
2018-10-11 14:19:40,cachivachestyle,@juangerosa @quiz_viajero @Aerolineas_AR Tenes Aerolineas Plus? Porque ahi estan tus movimientos
2018-10-11 13:56:29,yosoytivo,@Aerolineas_AR quiero hacer el reclamo por el cobro del despacho de un equipaje que no informaron al momento de la compra. En Aeroparque no me cobraron equipaje y en Salta me cobraron $650.
2018-10-11 13:54:12,juangerosa,@quiz_viajero @Aerolineas_AR a la #comunidadviajera... necesito conseguir una constancia de tickets aereos del aÃ±o 2015 (de AArgentinas). Alguna ayuda?
2018-10-11 13:45:26,MatiasBasket3,@Aerolineas_AR Porque cuando busco un vuelo de esta promociÃ³n en vez de salir $699 ($1398 ida y vuelta) me sale muchÃ­simo mÃ¡s Caro.... Es real la promo...??? ğŸ‘»ğŸ¤”
2018-10-11 13:36:44,RacingSolidario,Felicitamos a la #filialVirreyDelPino por el apoyo que le brinda al @MerenderoAcade al que concurren alrededor de 60 niÃ±os   Agradecemos las empresas que colaboran  constantemente: @Aerolineas_AR @exoargentina @SGweberARG @HuellaWeber #atomik #fundaciÃ³nmarolio @MASQUE90MIN_OK https://t.co/b03DPTLs5e
2018-10-11 13:36:25,alebresky,"200.000 pasajes solo @Aerolineas_AR ! @mauriciomacri serÃ¡ gato pero uds,  kumpitas #NoVuelvenMÃ¡sEnSuPutaVida  ğŸ˜‚ğŸ˜‚ğŸ˜‚ğŸ˜‚ğŸ˜‚ğŸ˜‚ğŸ‘ğŸ‘ğŸ‘ğŸ‘ğŸ‘ https://t.co/rJFZLpwWYC"
2018-10-11 13:36:15,Hostnewsred,"El fin de semana largo, AerolÃ­neas Argentinas transportarÃ¡ 9% mÃ¡s pasajeros https://t.co/05tid1q2tJ #findesemana #aerolÃ­neas #Argentina #AerolÃ­neasArgentinas #transporte #pasajeros @Aerolineas_AR"
2018-10-11 12:57:14,dbiztoday,AerolÃ­neas se prepara para el finde largo. @Aerolineas_AR https://t.co/6h61d2L8fC #AerolÃ­neasArgentinas
2018-10-11 12:52:07,JornadaMendoza,#Argentina Fin de semana largo: @Aerolineas_AR trasportarÃ¡ un 9% mÃ¡s de pasajeros que en 2017 https://t.co/Eg9ANmG0kf https://t.co/j8mS7me0kl
2018-10-11 12:40:09,MLaura_Lastres,"Se puede ser ineficiente? si, se puede! @almundo_ar @Aerolineas_AR me patean de telÃ©fono en telÃ©fono, me han llegado a decir que tengo que pagar por el asiento ... que la culpa es de la agencia que bloquea el checkin y mucho mÃ¡s. Mientras tanto sigo esperando una soluciÃ³n"
2018-10-11 12:35:46,Flight_News16,@Aerolineas_AR TRANSPORTARÃ UN 9% MÃS DE PASAJEROS QUE EL AÃ‘O PASADO DURANTE ESTE FIN DE SEMANA LARGO https://t.co/g6bRwOUPK2 https://t.co/lzyUMp9Ggj
2018-10-11 12:20:30,marceloacasazza,@_DarioGallardo @AndresGabrielli necesitamos vuelos a nqn de otra aerolÃ­nea. Por quÃ© somos cautivos de @Aerolineas_AR quÃ© es carÃ­simo
2018-10-11 12:10:29,ivf2003,@Aerolineas_AR que pasa con la pÃ¡gina web?
2018-10-11 12:04:26,tomateloco1,"@a_arreyes @diegobush78 @Cjb_cu @Aerolineas_AR si, eso se llama tener un presidente que opera a favor de las empresas cueste lo que cueste. El que votaste vos viste? te gusta que el estado banque empresas estatales no?? te gusta no??? contamee"
2018-10-11 11:57:37,panchada,@TemperaM @maurocaino @Aerolineas_AR AhÃ­ me fijÃ©...Hice un simulacro saliendo y volviendo un MiÃ©rcoles en MAYO ME tirÃ³ ida $1.461 a 5.800(segÃºn horario) y vuelta $2.570 hace un total si elegÃ­s hora PROMO $4.030  Como todo vuelo dÃ­a y hora hacen la diferencia.Sludos
2018-10-11 11:47:02,leiris182,"Cuando necesito sacar pasajes, nunca puedo ingresar a las web de @Aerolineas_AR Nunca se me termina de cargar el buscador ğŸ˜©"
2018-10-11 11:37:41,yesicak,y por lo mal que me trataron en mostrador y en atencion al cliente ante mi reclamo @Aerolineas_AR
2018-10-11 11:37:16,yesicak,"@DNDConsumidor quiero hacer el reclamo del reintegro de que la pagina ""no funcionaba"" y NADIE ME QUISO DAR UNA SOLUCION Y/O ALTERNATIVA @Aerolineas_AR @MindeTransporte"
2018-10-11 11:18:42,MLaura_Lastres,"Compras tus pasajes 7 meses antes pero ... Te vas a quedar sentada donde se pueda porque en un vuelo lleno, no podÃ©s hacer checkin gracias @Aerolineas_AR por tanto! Gracias de corazÃ³n! @quiz_viajero https://t.co/kkrYkTWXO3"
2018-10-11 10:47:06,idgoldberg,@Aerolineas_AR hoy quice entrar al delta Sky club del aerop de Atlanta y me dijeron que no puedo ya q no les figuro como platino.Tampoco me dejaron pasar por abordaje prioritario Por favor reveer a la brevedad para poder contar con el servicio en mi viaje de la prÃ³xima semana.
2018-10-11 10:18:56,Maruuuu68276740,"@Aerolineas_AR Es una mentira, averigÃ¼e para Santiago, sale $8000ğŸ™„ğŸ™„ğŸ™„"
2018-10-11 10:00:04,laudafre,@Aerolineas_AR les escribi mail y mensaje de twitter. Podrian atender mi reclamo por favor?
2018-10-11 09:15:31,lucianosapag,"@marianorecalde @UCiudadana_CABA Che #Bobo de tu gestiÃ³n en @Aerolineas_AR no hablas, no? Por que ademÃ¡s de ser ultra sÃºper deficitaria, nunca presentaste un estado contable (balance) ademÃ¡s de que te tenÃ­an que auxiliar financieramente por quÃ© fuiste, sos y serÃ¡s un pÃ©simo administrador Inepto e inÃºtil"
2018-10-11 08:49:20,hectedominguez,@ocherep @Aerolineas_AR Tipico de Aerolineas. Nunca te dicen la verdad.
2018-10-11 08:37:18,dianaime,"Lunes vuelo a ny @Aerolineas_AR demorado xq no llegaba la tripulacion, miÃ©rcoles vuelo a ny sale 6 ha tarde por desperfectos..no volvamos a lo que era antes"
2018-10-11 08:21:46,TemperaM,@maurocaino @panchada @Aerolineas_AR Yo busquÃ© Ushuaia Buenos Aires  y no baja de mÃ¡s de 10 lucas
2018-10-11 08:20:19,TemperaM,@Aerolineas_AR Si claro... entro y el pasaje nacional que busco sale mas de 10 lucas.  Hdp!!!
2018-10-11 05:46:01,Ricoterodelsur1,@Aerolineas_AR La verdad no creo que sea verdad.
2018-10-11 05:01:56,mar2cam,"@Aerolineas_AR un vuelo a Nueva York demorado esta noche hasta que se cancela definitivamente por fallas en el aviÃ³n , se pierde la conexiÃ³n con otra aerolÃ­nea a boston Y LA EMPRESA NO SE HACE CARGO DE NADA?"
2018-10-11 04:37:43,maurii_ponc3,@gamba1063 @Aerolineas_AR @gamba1063 y @Aerolineas_AR @LopezChavo es el mejor de todos que hasta te acompaÃ±a para salir a correr durante la semana para bajar la pansita  jajaja mauri Ponce 746
2018-10-11 04:27:55,Nadadeeso,JENIOS @Aerolineas_AR
2018-10-11 04:14:14,VeronicaVidela,@natijota Yo perdÃ­ un aviÃ³n por llegar al lÃ­mite del horario (el 1er paro de Moyano hace 4 aÃ±os piquete en Gral Paz ) Igual @Aerolineas_AR se porto horrible y la Ãºnica opciÃ³n fue compras pasajes de 1ra ğŸ˜
2018-10-11 03:56:45,PATO50001,"@Aerolineas_AR Parece que la Ãºnica que vuela a $699 es Valeria Daneri... los demÃ¡s (yo incluida), NO VEMOS ESOS PRECIOS EN NINGÃšN LADO!!! TODO MENTIRA."
2018-10-11 02:45:28,santidougherty,Arriba del AR1302 @Aerolineas_AR esperando + 1 hora sentados x q no vino camion de nafta entonces el capitan anuncia que pidio ahora de otra compania. #sinnafta Una verguenza ...   para que embsrcamos ? despues hablan de puntualidad.
2018-10-11 02:45:19,arzafran,Che y no saliÃ³ nada barato el pasaje este @Aerolineas_AR... Yo los bancaba. Creo que nuestra relaciÃ³n termina acÃ¡...
2018-10-11 02:38:03,otrapalinka,"Presidente @mauriciomacri, no se olvide por favor de medir la compensaciÃ³n a las distribuidoras de gas en jardines de infantes, como lo hizo hace unos aÃ±os con @Aerolineas_AR. Un fuerte saludo."
2018-10-11 02:32:12,arzafran,Mi vuelo no despega porque el camiÃ³n de combustible no viene. Esperando un camiÃ³n de ypf que llega tipo 12. Y el coso de las pelis no tiene audio. @Aerolineas_AR sucks.
2018-10-11 02:31:19,acatellani,"@SpottersTUC @SpottersArg @ChamerTUC @Aerolineas_AR @De_aviacion @aeropuertotuc @KikeLippi CapitÃ¡n, cual es la altura mÃ¡xima que puede volar el 737Max? (Supongo q viene dada x la presurizaciÃ³n)"
2018-10-11 02:26:26,SpottersTUC,En altitud crucero a 37000ft sobre techo de nubes y un cielo increible a dicha altura. Foto de @ChamerTUC en vuelo TUC - AEP en Boeing B737-800 (LV-FQZ) de @Aerolineas_AR  @De_aviacion @SpottersArg @De_aviacion @aeropuertotuc https://t.co/TqRWHTqMtV
2018-10-11 02:22:17,CrisSpotterFSA,@diego_domi @Aerolineas_AR @aa2000oficial @_ATEGA_ Eso si a los sindiKalistas no se les pinta un paro...
2018-10-11 02:12:18,fotomaltes,@HR_Castillo @Aerolineas_AR Gracias. Yo queria viajar en noviembre. Debe ser q solo son promociones para fechas mas lejanas. Gracias igual.
2018-10-11 01:56:04,gamba1063,@Daffsolange @Aerolineas_AR @GeeneTomlinson jajaja ğŸ‘ğŸ‘ğŸ‘
2018-10-11 01:55:50,gamba1063,@lautigrodriguez @Aerolineas_AR @alexiscaamano que grandeeee!
2018-10-11 01:47:25,pcmonsegur,@Aerolineas_AR Imposible conseguir lo que ofrecen. #NSB
2018-10-11 01:45:35,Seniorpepinillo,"@InfoViajera @Aerolineas_AR Porsupus, era un chiste igual"
2018-10-11 01:41:48,marcelocanton,Tremendos los simuladores de vuelo de @Aerolineas_AR . La sensaciÃ³n de vuelo es taaaan real. AllÃ­ practican los pilotos https://t.co/XQNcO5rTuI
2018-10-11 01:39:27,omsihcam_,@MLaura_Lastres @Aerolineas_AR QuÃ© raro. Yo pude. A ver gente de aerolÃ­neas si le solucionan el problema!!
2018-10-11 01:32:44,hsmdaily,Un fin de semana largo exitoso para AerolÃ­neas Argentinas @Aerolineas_AR  @MindeTransporte   https://t.co/bhpKkUyQvy https://t.co/FQqbq9AqZ5
2018-10-11 01:21:07,Bestravel1,El vlo 1659 de @Aerolineas_AR procedente de #Neuquen @AeroNeuquen estÃ¡ demorado. Estima arribar en #Aeroparque a las 23:22 hrs @aa2000oficial @Boeing B737-800 LV-FQY
2018-10-11 01:19:51,Bestravel1,El vlo 1670 de @Aerolineas_AR procedente de #Aeroparque estÃ¡ demorado. Estima arribar en #Neuquen @AeroNeuquen a las 22:59 hrs @aa2000oficial @Boeing B737-800 LV-FSK
2018-10-11 01:16:12,GerchoFernandez,"@HANGARX @SpottersArg @aviacionline @KikeLippi @controladores @oficialjosema @SirChandlerBlog @De_aviacion @AvionesCordoba Jajajajaja viÃ©ndolo asÃ­ tenes razÃ³n. Para los que medimos mÃ¡s de 1,88 se nos complica un toque la comodidad viste. EstarÃ­a bueno tener free pass para Club CÃ³ndor. A ver si @Aerolineas_AR va tramitando ese tema."
2018-10-11 01:14:23,InfoViajera,"@arpisella @Aerolineas_AR ParÃ¡, mirÃ¡ el prÃ³ximo tuit"
2018-10-11 01:13:47,lautigrodriguez,"@gamba1063 @Aerolineas_AR @alexiscaamano todos tendrÃ­an que conocer a este man, hay veces que por ahÃ­ se pone artante pero de a poco lo manejas jajajaja participo por entrada para claptone en la estaciÃ³n porfavor Lautaro RodrÃ­guez 994"
2018-10-11 01:11:49,arpisella,"@InfoViajera @Aerolineas_AR No da para un ""emitan YA como dementes..."" ğŸ¤£ğŸ¤£ğŸ˜‹"
2018-10-11 01:07:18,a_arreyes,"@tomateloco1 @diegobush78 @Cjb_cu @Aerolineas_AR Tomatito, se retrotrae el pago de las cuotas del gas para los usuarios.  Ahora lo pagarÃ¡n TODOS, aÃºn los que no tienen gas natural. Desde el 92 que estÃ¡ esa ley compensatoria en DÃ“LARES, avalada por el Menem, ese que tanto apoyo el Tuerto."
2018-10-11 01:06:28,MalelaLem,@Aerolineas_AR $699.- Â¿por cuantas cuadras??? ğŸ˜‰
2018-10-11 01:03:09,Daffsolange,"@gamba1063 @Aerolineas_AR @GeeneTomlinson la mejooor de todas, nos juntamos y no nos para nadie ğŸ˜‚ğŸ˜†"
2018-10-11 00:57:29,a_arreyes,"@diegobush78 @Cjb_cu @Aerolineas_AR Tu frase es muy de kirchnerista, pero no hace falta creer todo lo que te dicen, pero como adoras a tu Jefa, aÃºn sabiendo lo cuatrera que es. Te invito a googlear un poquito y TU RELATO, se cae a pedazos en un  instante, como tu Jefecita viste.. #NoVuelvenMas #NuncaMasKirchnerismo https://t.co/uYaFSrGEsv"
2018-10-11 00:56:09,gamba1063,"TODO LISTO! #HÃ©roeDeMiÃ©rcoles en #Reactivo presentado por @Aerolineas_AR ğŸ§™â€â™‚ï¸âœˆï¸ El #DesafÃ­o de hoy --&gt; Quien es tu mejor amig@? etiquetal@! ğŸ˜ğŸ˜  #InstitutoChomasoDeCiencias, #LaTapaDeMaÃ±ana y mucho mÃ¡s ğŸ™ŠğŸ˜œ Quedate acÃ¡ --&gt; https://t.co/GvR4wR5wol ğŸ‘ˆ https://t.co/7LPoHf61va"
2018-10-11 00:56:04,InfoViajera,"@Seniorpepinillo @Aerolineas_AR No, no, hay muchas fechas, hasta marzo/2019: https://t.co/pW8cftU4Dn https://t.co/8Lsg81vvhb"
2018-10-11 00:54:06,Soleanapios,@Aerolineas_AR una consulta en los vuelosque ofrecen cena y/o almuerzo hay menu infantil?
2018-10-11 00:48:52,ifernandez,"@Aerolineas_AR @Aerolineas_AR hola, como puedo ser parte del programa pasajeros frecuentes?"
2018-10-11 00:46:34,Seniorpepinillo,@InfoViajera @Aerolineas_AR Estas son las famosas ofertas de Ãºltimo minuto
2018-10-11 00:44:20,omsihcam_,@MLaura_Lastres @Aerolineas_AR Por web no pudiste??
2018-10-11 00:40:05,emiliano_roche,"@RitucciFernanda @gustinValdes @Aerolineas_AR @DNDConsumidor A mÃ­ me sale que vos sos de CÃ³rdoba y esos sÃ³lo aplican para los que estÃ¡n en la ciudad de Buenos Aires, uno cuando entra por lo general lo hace desde la tablet o el celu que tienen la geolocalizaciÃ³n activadas"
2018-10-11 00:39:59,Kris_Rabaglia,@gjamdz @Aerolineas_AR @diazpez @SirChandlerBlog AhÃ­ trate de nuevo y pude. Gracias a todos!  ğŸ¥³
2018-10-11 00:37:19,Gracee_55,"@Aerolineas_AR Me llego el mail con la promo, me fije para la primer semana de marzo y no me ofrece esos valores!!"
2018-10-11 00:37:15,InfoViajera,"Â¡Barato! Vuelos #directos a MIAMI (USA) ğŸ‡ºğŸ‡¸ por AR$ 23.700   --&gt; https://t.co/pW8cftU4Dn âœˆï¸  Son vuelos de @Aerolineas_AR, suman millas, pagÃ¡s en cuotas  EstÃ¡ para aprovecharlo ğŸ‘ https://t.co/TGQbIBit6O"
2018-10-11 00:21:23,vilmagomez62,"@Aerolineas_AR Y....,muchos destinos pero aquellos â€œconsiderados destinos turÃ­sticos â€œ... parece que aquÃ­ en el norte ... Resistencia por ejemplo;no vale para un tramo en promociÃ³n...asÃ­ los del Nea vamos a seguir elrigiÃ©ndo el exterior para vacacione scortas o largas... no existimos para AA"
2018-10-10 23:59:33,paula_albornoz,@Aerolineas_AR como hago para asociar una tarjeta a mi cuenta de aerolineas plus!?
2018-10-10 23:45:41,cwolmedo,"@marianorecalde @AleGomezFabio Cerra el orto forro, tu @Aerolineas_AR era una mÃ¡quina de tragar plata la concha de tu madre, que poca memoria te pedazo de mierda"
2018-10-10 23:45:12,gjamdz,"@Kris_Rabaglia @Aerolineas_AR @diazpez @SirChandlerBlog Hola. Me pasÃ³ algunas veces, mismo error, y era muy cerca de las 48 horas antes de despegar. VolvÃ­ a probar y pude hacerlo. O con la aplicaciÃ³n del celu tambiÃ©n pude."
2018-10-10 23:44:03,MLaura_Lastres,"@omsihcam_ que suertuda, yo estoy peleando con @Aerolineas_AR que me sugiere haga el checkin en el aeroparque"
2018-10-10 23:42:57,FlorZalloco,@Marcia_MBuey @Aerolineas_AR A donde vamos? ğŸ˜
2018-10-10 23:41:32,GelpClaudio,@Aerolineas_AR Che busque para el 07/01/2019 desde Buenos Aires a Bariloche y me sale $7.000... La promo donde estÃ¡?????? #PARALAKAA
2018-10-10 23:34:54,LealCachorro,@juansazn @BoeingAirplanes @aviacionline @WFernandez777 @fersatriano @HANGARX @Matas71754631 @Aerolineas_AR @KikeLippi @ANACargentina @ezeprieto Fotaza
2018-10-10 23:34:34,Marcia_MBuey,@Aerolineas_AR Pensalo @FlorZalloco
2018-10-10 23:12:10,diego_domi,"DURANTE EL PROXIMO FIN DE SEMANA LARGO, EL CONDOR TRANSPORTARÃ UN 9% MÃS DE PASAJEROS QUE EL AÃ‘O PASADO https://t.co/E6cVji7lR9 @Aerolineas_AR @aa2000oficial @_ATEGA_ https://t.co/YTtCr0Bqnj"
2018-10-10 23:05:52,EmanuelLagos1,@Aerolineas_AR Gracias x poner todas las promociones desde buenos aires .  En Rosario que ?
2018-10-10 23:05:04,Kris_Rabaglia,"@ro_rofergo @Aerolineas_AR @diazpez @SirChandlerBlog Si fuiste el unico que no pudo hacerlo me trae mÃ¡s dudas, voy a probar de nuevo en un rato."
2018-10-10 22:47:04,juani1,@Aerolineas_AR Tiene mÃ¡s letra chica esa publicidad. Chorizos!
2018-10-10 22:46:05,csainato,"@Aerolineas_AR Hola, nunca me dijieron como utilizar las millas"
2018-10-10 22:45:24,ro_rofergo,@Kris_Rabaglia @Aerolineas_AR @diazpez @SirChandlerBlog Me paso lo mismo a Iguazu. Pregunte porque me dice eso cuando fui a hacer el check in y no supieron darme respuesta. Fuimos en grupo y al unico de ese grupo que no dejo hacerlo fue a mi. Tampoco me dejo en las maquinas de autogestiÃ³n.
2018-10-10 22:39:39,HernnJimnez14,@Aerolineas_AR Hola me pueden responder hay promos en efectivo para febrero ir de mdq a igz ? Gracias.
2018-10-10 22:35:21,aruelnegro,@juanenriori @Aerolineas_AR Eso es calentura
2018-10-10 22:34:02,aruelnegro,@Liliana202702 @Aerolineas_AR Que dejen hacer politica y laburen que a los sueldos se los pagamos nosotros
2018-10-10 22:25:09,Kris_Rabaglia,@HANGARX @Aerolineas_AR @diazpez @SirChandlerBlog La compra la hice a travez de @GarbarinoViajes. No se si estaran instalados de aca o trabajan desde el exterior.
2018-10-10 22:24:47,Finder_marc,@Aerolineas_AR Yo viajo con @Fly_Norwegian Una masaaaaa. Y los costos son de verdad low cost y hay disponibilidad no como uds manga de mierdas. Ojala @mauriciomacri la venda!!!
2018-10-10 22:23:55,Kris_Rabaglia,"@SirChandlerBlog @diazpez @Aerolineas_AR Ya habia seleccionado los asientos y todo, al final me tira el error. El pasaje lo compre hace meses, se supone que todo eso esta ok."
2018-10-10 22:12:39,HANGARX,"@Kris_Rabaglia @Aerolineas_AR @diazpez @SirChandlerBlog Me ha pasado una vez que el proceso de compra lo hizo una agencia del exterior. Si fue tu caso, habla con quien hizo el proceso de compra."
2018-10-10 22:12:39,Alejand81021920,@Aerolineas_AR A Mar del Plata tambien se puede ?
2018-10-10 22:08:40,NicoAguirre77,@Aerolineas_AR DÃ³nde hay pasajes a cÃ³rdoba por 699????
2018-10-10 22:05:40,SirChandlerBlog,"@Kris_Rabaglia @diazpez @Aerolineas_AR quizÃ¡s algÃºn problema con el registro del nombre, del pago o algo"
2018-10-10 21:58:41,mardodan,@Aerolineas_AR tiene error la pÃ¡gina??? No me permite comprar equipaje adicional y hace unos dÃ­as si con el mismo cÃ³digo de reserva
2018-10-10 21:52:10,Ale01501,@Sradelostattoos @Aerolineas_AR FÃ­jate en Flybondi
2018-10-10 21:48:45,Patriccia2003,@Sradelostattoos @Aerolineas_AR Desde cordoba a San MartÃ­n 12 000 pesos.sin.palabras
2018-10-10 21:38:24,MLaura_Lastres,"Muchas gracias a la muchachada de @Aerolineas_AR por su amabilidad al no dejarme hacer checkin por la pÃ¡gina, son unos soles!"
2018-10-10 21:25:56,Florbustos22,@Aerolineas_AR tengo que hacer una consulta de aerolÃ­neas plus y no me puedo comunicar nunca!!!
2018-10-10 21:14:51,ferry_german,@Kris_Rabaglia @Aerolineas_AR @diazpez @SirChandlerBlog Me ha sucedido las pocas veces que utilice Aerolineas Argentina.
2018-10-10 21:07:13,gamba1063,âœˆ Hoy en #HÃ©roeDeMiÃ©rcoles @Aerolineas_AR te trae un nuevo desafÃ­o: contame con quien cambiarÃ­as de cuerpo por una semana y por que! Prendete que @aletavarone te cuenta un agendÃ³n ğŸ”¥! Escuchame en https://t.co/GvR4wR5wol ! https://t.co/Zndmd1Nngc
2018-10-10 21:00:02,SilvanaIglesia,"@Aerolineas_AR Pregunto, por que no ponen en mayuscula, negrita, tamaÃ±o 100 de fuente q es POR TRAMO!!!!! A ver repitan POR TRAMO POR TRAMO. Es mas, si junto todos los tramos, el pasaje a cualquier lado que sea sale un huevooooğŸ¥šğŸ¥šğŸ¥šğŸ¥šğŸ¥šğŸ¥šğŸ¥š!!!!!!!"
2018-10-10 20:49:27,InsaurraldeNqN,@diazpez @Aerolineas_AR Clavan asamblea el viernes para no perder las costumbres
2018-10-10 20:41:39,bifacho,@Turcolibia @Aerolineas_AR @JavierJiguacel La desopilante medalla de oro al cinismo K
2018-10-10 20:34:45,valedelmar33,@Sradelostattoos @Aerolineas_AR Que cagada lo q uno tiene q sobrepagar ! !
2018-10-10 20:32:01,Sradelostattoos,@valedelmar33 @Aerolineas_AR Una locura ! Pero tengo que viajar si o si â˜¹ï¸
2018-10-10 20:31:31,diazpez,"Este fin de semana, @Aerolineas_AR espera un montÃ³n de pasajeros usando los servicios.  https://t.co/yaXYZeJyYw"
2018-10-10 20:30:41,Sradelostattoos,@GuruMartinez88 @Aerolineas_AR Siiiiii ! Un afano ğŸ˜±
2018-10-10 20:30:28,valedelmar33,@Sradelostattoos @Aerolineas_AR Se fue todo a la mierda imagÃ­nate q el kg de ğŸ¥ sale 90 pesos jaja
2018-10-10 20:29:17,gcferrari,@Aerolineas_AR Es mentira!!!! No hay una sola oferta a ese precio
2018-10-10 20:28:01,Lucas_futbol_09,@Aerolineas_AR No entendÃ­ lo de los tramos. Saludos!
2018-10-10 20:26:43,Sradelostattoos,"Un pasaje en @Aerolineas_AR a San MartÃ­n de los Andes en esta ,que ya es temporada baja claramente ,estÃ¡ $ 8500 ğŸ˜± que pasÃ³ (?)"
2018-10-10 20:25:34,teresamariav1,"@Menganocat @cyngarciaradio @Aerolineas_AR @JavierJiguacel lo de nena le queda grande, creo, yo digo, no sÃ© , fijate"
2018-10-10 20:04:47,Kris_Rabaglia,@diazpez @Aerolineas_AR @SirChandlerBlog Gracias!!!!
2018-10-10 20:01:33,diazpez,"@Kris_Rabaglia @Aerolineas_AR @SirChandlerBlog Gracias, averiguo a ver quÃ© onda. Recuerdo que a BOG me pasÃ³ lo mismo pero imaginÃ© en su momento que tenÃ­a que ver con el destino."
2018-10-10 19:55:30,Kris_Rabaglia,@diazpez @Aerolineas_AR @SirChandlerBlog Puerto Iguazu
2018-10-10 19:52:33,diazpez,@Kris_Rabaglia @Aerolineas_AR @SirChandlerBlog A quÃ© destino?
2018-10-10 19:46:21,Osky_tw,@cyngarciaradio @Aerolineas_AR @JavierJiguacel No dan mas de hijos de puta esos corruptos ladrones! Que trabajen como corresponde y dejen de pedir y quejarse.... flan quiero flan quiero flan #Impresentables
2018-10-10 19:41:38,Menganocat,"@cyngarciaradio @Aerolineas_AR @JavierJiguacel 2 cosas nena : 1) Los pilotos cobran 120 lucas y no creo que les afecte pagar 6.23 dolares 2) controla el tipo de conexiÃ³n de internet ,porque hace mas de 2 horas dijeron que se hace cargo el gobierno , mas si decis que sos periodista y das info"
2018-10-10 19:33:35,Kris_Rabaglia,"@Peter_Ioppolo @Aerolineas_AR @diazpez @SirChandlerBlog Tremendo, yo que pensaba ""Que lindo, llegar e ir directo a la puerta, sin tener que comerme la cola"". Que iluso"
2018-10-10 19:28:08,bdclientes,"@Aerolineas_AR por favor ya les pedi 3 veces, podran ver DM. Gracias"
2018-10-10 19:26:29,elcalomac,"@cyngarciaradio @Aerolineas_AR @JavierJiguacel EstÃ¡n jodiendo, no?"
2018-10-10 19:25:57,guillermo4398,@cyngarciaradio @Aerolineas_AR @JavierJiguacel No es que se hace cargo el gobierno? Cynthia estÃ¡s conectada?  Ahora decime si APLA saca un comunicado en apoyo a De Vido
2018-10-10 19:25:27,Kris_Rabaglia,Â¿Es joda esto? Retrasan 10 aÃ±os al hacerte ir a hacer la cola sin tener que despachar nada. Creo que me hubiese indignado menos si la pagina no andaba... @Aerolineas_AR @diazpez @SirChandlerBlog https://t.co/LixlfITENT
2018-10-10 19:23:15,guillermo4398,@cyngarciaradio @Aerolineas_AR @JavierJiguacel Ya le digo quedate tranquila forra
2018-10-10 19:19:20,delocostas,@cyngarciaradio @Aerolineas_AR @JavierJiguacel Cara rotas.
2018-10-10 19:11:03,etiochitan,"@cyngarciaradio @Aerolineas_AR @JavierJiguacel Muy bien buen gremio cn pelotas,para parar esto! Ja."
2018-10-10 19:10:16,cyngarciaradio,ğŸ“„ #BastaDeTarifazos El gremio APLA le pidiÃ³ a las autoridades de @Aerolineas_AR un bono extraordinario para hacer frente a la compensaciÃ³n impuesta por @JavierJiguacel â¬‡ï¸ https://t.co/yphEvFghk2
2018-10-10 19:09:02,ViajarSiempre,@Qualityman156 @alanxelmundo @Aerolineas_AR Graciasssss
2018-10-10 19:06:20,crespoclara,@Aerolineas_AR Es una mierda esta promociÃ³n por que sÃ³lo son saliendo de Bs as
2018-10-10 18:51:38,javileon04,@gamba1063 @AgusPedano @PassThor @MET_Medicina @Aerolineas_AR Buenas buenas chicos #BancameLaSiesta. Si tuviera algun poder para hacer una maldad. SerÃ­a Telequinesis y asi poder mover cosas sin que nadie sepa en lugares oscuros y que den miedo para asustarlos ğŸ˜ˆ jajaja. Javier 758
2018-10-10 18:47:47,karilamas17,@Aerolineas_AR No hay para diciembre?
2018-10-10 18:36:59,OmarRamonda,"@Aerolineas_AR Es joda? Un vuelo de 737 por menos de $70.000. No mientan, no es posible"
2018-10-10 18:33:04,Qualityman156,@ViajarSiempre @alanxelmundo @Aerolineas_AR https://t.co/gn0BdPWxMX  Leete un muy articulo de gente que sabe mucho.
2018-10-10 18:31:40,mellynareis,"@Aerolineas_AR Resalto que no hay posibilidades de que no haya caÃ­do en el aviÃ³n. Por favor, Â¿me pueden ayudar? No me dejaron volver a buscar, Â¿por quÃ©?"
2018-10-10 18:31:14,Qualityman156,"@ViajarSiempre @alanxelmundo @Aerolineas_AR Si, sin dudas....el vuelo existio....pero  no era transpolar..."
2018-10-10 18:30:10,mellynareis,"@Aerolineas_AR Â¡Hola! me derrumbÃ© mi celular del bolsillo en el aviÃ³n, en un vuelo venido esta maÃ±ana de BUE a FTE. Me di cuenta de que salÃ­ de la aeronave y no me dejaron volver. Hasta ahora no me han dado noticias. Â¿Como proceder?"
2018-10-10 18:28:30,enteturismomza,Vuelo directo Mendoza - Mar del Plata y mÃ¡s asientos ofrecidos son las novedades de @Aerolineas_AR para nuestra provincia este verano.  https://t.co/RHwsnivrEv https://t.co/gsaMoWObss
2018-10-10 18:28:12,ViajarSiempre,@Qualityman156 @alanxelmundo @Aerolineas_AR Ufa! Pero es un hito igualmente! Fueron los primeros en hacerlo comercialmente ..
2018-10-10 18:21:26,LuisinaLlanos1,@Aerolineas_AR Nada que ver los precios me salio mÃ¡s barato Andes ida y vuelta es un ida solo de esta promo.
2018-10-10 18:13:30,DNDConsumidor,"@tomateloco1 @Aerolineas_AR Â¡Hola! Si encontraste una oferta que te pareciÃ³ engaÃ±osa, podÃ©s reclamar acÃ¡ â†’ https://t.co/VI6XE5CVmb."
2018-10-10 17:59:47,fdelaorden,Que bien nos tratÃ³ la tripulaciÃ³n del vuelo 1447 de @Aerolineas_AR desde #TucumÃ¡n a #BuenosAires. Amables y siempre con una sonrisa. Dicen que volverÃ¡n a TucumÃ¡n por nuestras empanadas!!! @TucumanTurismo @TurismoNacionAR https://t.co/eFHyR24ggT
2018-10-10 17:56:52,sergiogendler,Si conseguis algun lugar t doy un premio!!!! Jaaa dejate de joder @Aerolineas_AR https://t.co/XjZg9t4clL
2018-10-10 17:55:25,tomateloco1,"@diegobush78 @a_arreyes @Cjb_cu @Aerolineas_AR entonces que sentido tiene por ejemplo tener las transportitas de gas privadas si ahora vamos a COMPENSAR las pÃ©ridas de esas empresas por el aumento del dolar. Es decir, las empresas son PRIVADAS y encima el estado tienen que pagar las pÃ©rdidas Â¿me explicas eso??"
2018-10-10 17:54:06,tomateloco1,@Aerolineas_AR @Aerolineas_AR @DNDConsumidor me pueden explicar donde estÃ¡ el vuelvo a $699 ?? No es publicidad engaÃ±osa esto? https://t.co/iDxmqEHo0B
2018-10-10 17:53:49,victidona,@Aerolineas_AR Trelew - Buenos Aires imposible a ese precio o alguien consiguiÃ³?
2018-10-10 17:46:29,Gustavo84668017,@gamba1063 @AgusPedano @PassThor @MET_Medicina @Aerolineas_AR Mi poder malvado seria poder saber cuando se van a tirar un flatulencia y cuando lo hagan convenrtirlo en color fluo asi todos se dan cuenta q fue El quien se tiro un pedo jaja gustavo 616
2018-10-10 17:43:26,Bagalio_Diego,@Aerolineas_AR Dejen de mentir a la.gente   el.unico. pasaje a 700 es a cordoba no al resto.del.pais.  y tampoco.los valores que dicen al resto.del.pais .existen .  es todo.una farsa
2018-10-10 17:35:22,turismocba,CÃ³rdoba crece en conectividad. âœˆï¸âœˆï¸El 16/10 comienza a volar @Norwegian_ARG . ğŸ›©ï¸AdemÃ¡s @Aerolineas_AR ğŸ›«reforzarÃ¡ los vuelos para el verano y @JetSMART_cl unirÃ¡ en diciembre Cba con La Serena y Santiago de Chile.  Mas detalles â¡ï¸https://t.co/QRIkbv71CE #VivÃ­CÃ³rdoba #Conectividad https://t.co/NMz27Wdm6b
2018-10-10 17:14:24,hernanchoar,"@Aerolineas_AR consulta mi numero de vuelo es 1696 no puedo hacer el check in online me dice lo siguiente ""Lo sentimos, su reserva esta en orden, pero su check-in debera ser realizado en el aeropuerto de forma regular. Disculpe los inconvenientes """
2018-10-10 17:12:39,gamba1063,Estamos arrancando la tarde de #HeroeDeMiercoles con alto desafÃ­o ğŸ”¥ğŸ¤— Si tuvieras un superpoder malvado Â¿Cual seria? ğŸ˜ˆ Mandale tu poder malvado a @AgusPedano y @PassThor para ganar en #BancameLaSiesta ğŸ˜… Presentado por @MET_Medicina ğŸš‘ y @Aerolineas_AR âœˆï¸ https://t.co/HvfWBIgAY1
2018-10-10 17:10:20,Toritocabron,@DePabloEcon Mi seÃ±ora y mis pequeÃ±ines viajan por aerolineas @Aerolineas_AR argentinas dos veces al aÃ±o   Ni con una 45  en la nuca les dejaria viajar por una low cost  Y usted?
2018-10-10 17:09:46,SirChandlerBlog,@shiiratadeo @Aerolineas_AR @aviacionline @Ventuti @SpottersArg @aa2000oficial @javcos__ @De_aviacion desconozco
2018-10-10 17:07:50,shiiratadeo,"@Aerolineas_AR AR1133 demorado, Â¿se sabe por quÃ©? @SirChandlerBlog @aviacionline @Ventuti @SpottersArg @aa2000oficial @javcos__ @De_aviacion https://t.co/U7qHgQUdrX"
2018-10-10 17:01:47,brunoruiz21,HABILITAME EL VUELO @Aerolineas_AR
2018-10-10 16:55:16,muecadepato,"Los pilotos de @Aerolineas_AR van a pedir aumento para pagar el aumento del gas por la ""inoperancia de los funcionarios"" . Los mismos pilotos de una empresa que en los dos Ãºltimos con @marianorecalde a la cabeza perdieron 1500 millones de dÃ³lares. INOPERANCIA... cÃ­nicos. LCBDSM"
2018-10-10 16:52:33,Qualityman156,@ViajarSiempre @alanxelmundo @Aerolineas_AR Perdon por romperte la ilusion. Pero ese vuelo lo unico que tenia  de transpolar era el nombre. Dificilmente la ruta de acercaba al circulo polar Antartico.
2018-10-10 16:52:31,ocherep,Bochornoso trato de @Aerolineas_AR a los pasajeros en Barajas. Mienten descaradamente por las razones de una demora de 9 horas! No respetan ni las necesidades ni las obligaciones de los pasajeros
2018-10-10 16:31:58,aldomadeira,@Aerolineas_AR Chupamela con la publicidad engaÃ±osa!!!
2018-10-10 16:26:29,Carofigueroa79,@MaCris1540 @RitucciFernanda @bettyboo1050 @Guillodietrich @Aerolineas_AR Y esta quiÃ©n es???
2018-10-10 16:14:49,ElTrapoDelOcho,"Te estÃ¡s relajando porque en 1 hora embarcas en el vuelo que lleva 6 horas de atraso... y te avisan que se va a atrasar 2 horas mÃ¡s.  Gracias @Aerolineas_AR, #BuenMiercoles"
2018-10-10 16:14:06,barbaritajack,"Me retrasaron dos horas mÃ¡s, sos lo menos @Aerolineas_AR"
2018-10-10 16:10:13,KateMSwaid,"@docsamu78 @DNDConsumidor @gustinValdes @Aerolineas_AR Ya estoy reclamando, aunque seguro que despuÃ©s arreglan ya que Defensa del consumidor ahora es del gobierno. Espero que se vayan Ã©stas lacras y que dejen de mentir!"
2018-10-10 16:07:34,KateMSwaid,@Aerolineas_AR No MIENTAN!!! MENTIROSOS! SON UN GOBIERNO DE MIERDA!! acabo de hacer la supuesta promociÃ³n y me da $11.000 https://t.co/gZREsCKC5k
2018-10-10 16:02:58,diegobush78,@a_arreyes @Cjb_cu @Aerolineas_AR Contame que aerolinea del mundo da ganancia?
2018-10-10 15:51:40,Nelaguillochon,"@perroscalle @Aerolineas_AR @Metro951 Amo esta secciÃ³n!!! MÃ¡s allÃ¡ de los pasajes de @Aerolineas_AR , porque todos tenemos una historia que nos identifica! No la dejen de hacer nunca!!!"
2018-10-10 15:50:03,mateysopa,@TARANTINI09 @todonoticias fijate porque Kicillof no estuvo en @Aerolineas_AR
2018-10-10 15:49:37,adrianpestrini,@perroscalle @Aerolineas_AR @Metro951 Grado de emociÃ³n de este salvando las distancias... https://t.co/Jgtg5dYY07
2018-10-10 15:48:38,mvegas2000,@SirChandlerBlog @Aerolineas_AR Ok. Gracias por la data...genio Como siempre
2018-10-10 15:47:57,SirChandlerBlog,@mvegas2000 @Aerolineas_AR si es la sede de un gremio
2018-10-10 15:47:52,adrianpestrini,@perroscalle @Aerolineas_AR @Metro951 Los amigos pusieron su charla en Modo Schultz.
2018-10-10 15:45:06,panchada,@maurocaino @Aerolineas_AR Mauro probÃ¡ distintos dÃ­as  Ayer hice la prueba y ParanÃ¡/Bue/Parana $1000 mangos ida y vuelta ...saliendo de Baires algunos lugares conviene mÃ¡s y hasta te conviene dsd donde vivas ir a BsAs seguramente  #SUERTE!!!
2018-10-10 15:44:33,mvegas2000,@SirChandlerBlog mira en Lujan hay una cabina de un 747 de @Aerolineas_AR https://t.co/GaJXbc5MWJ
2018-10-10 15:43:00,panchada,@maurocaino @Aerolineas_AR T cuento mi experiencia saquÃ© la promo anterior Sta Fe/Bue/Bue/SLT/SLT/Bue/Bue/PRA y todo es segÃºn dÃ­a y hora ...Yo hice Martes primer tramo y seguÃ­ miÃ©rcoles segundo y por ejm Sta Fe /Bue me costÃ³ $399 Bue/SLT $799 o sea ida y vta SALTA paguÃ© $1600 y $800 Santa Fe/Bue /ParanÃ¡
2018-10-10 15:42:54,ANDigitalOK,La AsociaciÃ³n de Pilotos le pide a @Aerolineas_AR un bono de 24 cuotas para pagar el gas https://t.co/j46dTt7o7v #APLA @PabloBiroAPLA https://t.co/BLA9dG0rWt
2018-10-10 15:38:57,perroscalle,La amistad es un regalo que uno mismo se da. Â¿Te distanciaste?  AerolÃ­neas Argentinas y Perros de la calle te acercan. EscuchÃ¡ #SalvandoLasDistancias con @Aerolineas_AR en @perroscalle de 9 a 13 hs por la @Metro951 MÃ¡s info  https://t.co/VoN4rnF8Q1 https://t.co/JOpcEHmaJU
2018-10-10 15:38:50,Fal2008Tucuman,@gustinValdes @Aerolineas_AR @DNDConsumidor Tengo que viajar a Bs As y lo mas barato que encontrÃ© fue a 3000 ps. Ida y vuelta... con unos horarios bastantes pobres.
2018-10-10 15:35:52,termidor9,@EANAoficial @Aerolineas_AR @Avianca @AndesArgentina @LATAM_ARG Dejen de regalar diplomas a Asnos ( principalmente por el pelado de la izquierda que trabaja en un holding vecino). Es de madera.
2018-10-10 15:34:07,martingnob,"@Aerolineas_AR Imposible conseguir esa promociÃ³n, ya intentÃ© con varias fechas pero a precio corriente no de promociÃ³n.."
2018-10-10 15:22:38,RosiMercado,@Aerolineas_AR  Que estÃ¡ pasando que cada vez que llamo al 011 4340-7777 nadie responde con cualquier opciÃ³n que se elija? Es increÃ­ble q desde hace mÃ­nimo 2 semanas me quiero comunicar en distintos horarios y me es imposible.
2018-10-10 15:14:13,Cristia20182125,@Aerolineas_AR hola! Tienen oficinas en Capital para comprar pasajes?
2018-10-10 15:04:59,DNDConsumidor,"@RitucciFernanda @gustinValdes @Aerolineas_AR Â¡Hola! Si encontraste una oferta que te pareciÃ³ engaÃ±osa, podÃ©s reclamar acÃ¡ â†’ https://t.co/VI6XE5CVmb."
2018-10-10 14:49:38,Ferche11,@MayoCaty @Aerolineas_AR FÃ­jate flybondy es mÃ¡s barato!pero sale de palomar
2018-10-10 14:47:20,corvet7411,"@Aerolineas_AR Tenes que entrar a la pagina cuando el sol estÃ© en escorpio, la luna en geminis, venus y marte anden de la mano, PlutÃ³n se haga el distraido y mercurio se enfrÃ­e en ese segundo podes comprar y viajar por 700p +iva+tasas de aer.ğŸ˜¡"
2018-10-10 14:46:39,Ferche11,"@DNDConsumidor @gustinValdes @Aerolineas_AR No deberÃ­an investigar ustedes?al igual que los viajes de egresados,los precios de los mercados y las cuotas de colegios que nadie sabe realmente quien las aprueba!"
2018-10-10 14:46:00,Turcolibia,#Dato: El gremio de la AsociaciÃ³n de Pilotos de LÃ­neas AÃ©reas pidiÃ³ por nota a @Aerolineas_AR un bono extraordinario en 24 cuotas para hacer frente a los pagos de gas anunciados por @JavierJiguacel https://t.co/rWMNawwi5q
2018-10-10 14:44:45,Ferche11,@Aerolineas_AR Son unos truchos !cuando entras a comprar te dice el precio real 7000
2018-10-10 14:28:49,rogemdp2007,@Aerolineas_AR TambiÃ©n serÃ­a bueno que especifiquen que es un tramo que trayecto cubre un tramo !
2018-10-10 13:57:32,juansazn,"El ""LV-FRK "" AR1652 hermoso miÃ©rcoles en NeuquÃ©n. #Sazn #Landing #runway #SeguridadOperacional #Anac  #AviaciÃ³nCivil #Neu #Arg @BoeingAirplanes @aviacionline @WFernandez777 @fersatriano  @juansazn @HANGARX @Matas71754631 @Aerolineas_AR @KikeLippi @ANACargentina @ezeprieto https://t.co/JXvGfXfthJ"
2018-10-10 13:27:57,ARAV_Rosario,PresentaciÃ³n de @Bariloche_ar junto con #aavytuba y @Aerolineas_AR presentan las nuevas oportunidades para el turismo entre #Bariloche y #Rosario ğŸ‘ https://t.co/Zrmww40POh
2018-10-10 13:18:41,ViajarSiempre,"@alanxelmundo Falta la historia del primer vuelo transpolar comercial, hito para @Aerolineas_AR y la aviaciÃ³n. Un 7de junio de 1980 un 747-200 hacÃ­a la ruta transantÃ¡rtica desde el Aeropuerto Internacional de Ezeiza, escala en Rio Gallegos, aterrizando en Auckland.El viaje culmina en Hong Kong"
2018-10-10 13:17:11,argielau,Promociones @Aerolineas_AR  #ventacorta https://t.co/FmsYfc2MqK
2018-10-10 13:12:56,BravoInfotere1,"BIEN BIRO,AERONAVEGANTES LA  QUE CREO @CFKArgentina NUESTRA @Aerolineas_AR Y DIETRICH  ROBA ,VENDE A LAS LACRAS Q VIENEN DE AFUERA X GUITA, Y QUE SE VA A CAER FLYBONDI, O NORWEYAN, O EL QUE SEA, VAN A LLORAR, HDRMP, XQ NO PUEDEN VOLAR CON CHATARRA, LAPA CAYÃ“ TRISTE NO? RECUERDEN https://t.co/nVaSI0qPcZ"
2018-10-10 13:01:52,decidilo,ATENCIÃ“N: VolviÃ³ la promo Toda Argentina de @Aerolineas_AR  PodÃ©s recorrer todo el paÃ­s desde $ 699 final. Es un buen momento para emitir: https://t.co/wmvjtrrO2C https://t.co/7JsVhJElXy
2018-10-10 13:01:09,JornadaMendoza,Vacaciones: @Aerolineas_AR  lanza cinco frecuencias semanales de #Mendoza a #MardelPlata https://t.co/1gGVkcrAQn https://t.co/KogLOaBTPE
2018-10-10 12:30:06,Mjaluf,â¦@Aerolineas_ARâ© yo los banco pero fÃ­jense el servicio de limpieza en â¦@aa2000oficialâ© Cordoba. Yo si quieren se los limpio pero hÃ¡ganme un descuento. A corregir estas cosas! Ar 1511 hoy https://t.co/wq3Ounzu1Z
2018-10-10 12:29:49,edadmartinez,@Aerolineas_AR Y eso que no es uno de los MAX8
2018-10-10 12:25:42,raulopss,"@Aerolineas_AR SegÃºn la promo deberÃ­a pagar 1400 pesos por un ida y vuelta a Buenos Aires, sin embargo el precio oficial es de 3042 pesos. MÃ¡s del 100% de diferencia. ConclusiÃ³n: una gran mentira! https://t.co/j4zCqF2IZG"
2018-10-10 12:20:16,lalaporcel,"@gamba1063 @santimirandasf @Aerolineas_AR Mucha comida, celular y la gata. Pobre, bajÃ³n si la encierro  ğŸ¤”bueno mejor comida, celular y birra  (el encierro viene con visitas de mascotas? Por la gata digo ğŸ˜¹) ParticipÃ³ por el combo de cine  Porcel Ornella 765"
2018-10-10 12:09:49,felipeyapur,"Resulta que @pablobiroapla de @PilotosAPLA1 le enviÃ³ una carta al presidente de @Aerolineas_AR donde le reclama el pago de un bono extraordinario en 24 cuotas â€œequivalentesâ€ al aumento en las tarifas de gas.  Todos deberÃ­an hacer lo mismo, no?"
2018-10-10 12:08:33,Fede_Manrique,"En verano, Mendoza tendrÃ¡ 77 vuelos semanales sÃ³lo de AerolÃ­neas Argentinas @Aerolineas_AR EstÃ¡s son las conexiones y destinos @sitioandinomza https://t.co/GOaJIZ3s08 https://t.co/9QwvAMmsXP"
2018-10-10 12:07:33,matiidelavega,"@gamba1063 @santimirandasf @Aerolineas_AR Me llevarÃ­a la compu ya que trabajo y estudio por ahÃ­, un buen colchÃ³n para descansar y una cinta para caminar y contrarrestar un poco el sedentarismo ğŸ˜¬ğŸ‘Œ  Mati 914 ğŸ™ŒğŸ’ª #ElclubdelBostezo @santimirandasf  #HeroeDeMiercoles"
2018-10-10 11:57:05,n0emi_rossi,"@gamba1063 @santimirandasf @Aerolineas_AR Voy a suponer que el wifi llega hasta la habitacion. AsÃ­ que me llevarÃ­a celular, colchÃ³n y una pizza infinita. Posta, que otra cosa se necesita para vivir? Noemi Rossi 896 Participo por las entradas al cine"
2018-10-10 11:35:57,polilladeene,@Aerolineas_AR Buen dÃ­a. Â¿CuÃ¡l es la informaciÃ³n fehaciente respecto al horario de web check-in?. La pÃ¡gina lo habilita y desde el call center me indican que aÃºn no estÃ¡ disponible. Gracias.
2018-10-10 11:28:56,CotiBrusadin,"@gamba1063 @santimirandasf @Aerolineas_AR Mi perro, una cama y el celu (para poder ver Netflix, escuchar mÃºsica y escribir en mi blog !) Coti 371!!!"
2018-10-10 11:22:48,LordBuho,"@gamba1063 @santimirandasf @Aerolineas_AR #ElClubdelBostezo. Las 3 cosas que me llevarÃ­a serÃ­an los libros de la facu para no perder el aÃ±o, los DVDs con las temporadas completas de Friends (obvio) y una laptop para ver los DVDs y trabajar en la tÃ©sis... Participo por entradas al #Cine. #HÃ©roeDeMiÃ©rcoles Santiago 258."
2018-10-10 11:09:13,RodriguezGDiego,"Consulta, por si alguno sabe. Que cosas se pueden traer desde Estados Unidos? Vuelve una amiga y quiero que me traiga 3 auriculares Bluetooth, podrÃ¡ pasarlos sin problemas? Alguien me explica.. grax @Aerolineas_AR  #Viajar #Aduana #Consulta #Ayuda"
2018-10-10 11:06:51,Viqqi_Cjs,@gamba1063 @Aerolineas_AR Buen dÃ­aaaa #ElClubDelBostezo Yo me llevaria la heladera y la tv con netflix  #HeroeDeMiercoles Participo  Vicki Juarez 449
2018-10-10 11:03:25,Viqqi_Cjs,@gamba1063 @santimirandasf @Aerolineas_AR Buen dÃ­aaaa #ElClubDelBostezo Yo me llevaria la heladera y la tv con netflix ğŸ˜‚ğŸ˜‚ #HeroeDeMiercoles Participo ğŸ Vicki Juarez 449
2018-10-10 11:02:33,ChristianelDiaz,Un desastre como estÃ¡ @Aerolineas_AR ! Siempre con problemas en las puertas y a Ãºltimo momento se ponen a armarlas. https://t.co/56DEl7ZQDl
2018-10-10 11:00:05,gamba1063,Ya estamos en la mitad del programa! Y seguimos con premios si cumplÃ­s el desafÃ­o de @Aerolineas_AR ğŸ‘ Vamos que por Whatsapp participÃ¡s por entradas para la #ExpoCerveza! ğŸ» 351 34 GAMBA ğŸ“² GastÃ³n 195 se lleva su pase para #EliNissan en #BNPClub ğŸ¶ https://t.co/wZNe6cOjf6
2018-10-10 10:29:42,RomyPrieto,@JAVIERTOKIAN1 @Aerolineas_AR @TuitdelaFont jaha pues
2018-10-10 10:28:06,JorgeGabaldo,@BDAprograma #Entendelo @lajeantonio Tema descuentos en pasajes. Hace 48 hs @Aerolineas_AR publica en Internet oferta de pasajes $699 por tramo a todo el pais. Te cuento hasta Abril/19 no consegui pasaje Neuquen-Cordoba-Neuquen a ese precio.TODO MENTIRA!!
2018-10-10 10:23:45,norma_rosemberg,@nicko737 @Aerolineas_AR @De_aviacion @aviacionline @AvionesCordoba @HANGARX @iloveaviacion @SpottersArg @avgeekretweeter @SirChandlerBlog @ArgSpotters @diazpez Quien es el demente  que dice : Fuera AerolÃ­neas Argentinas. Viva Aerolines Argentinas!!!!!!!!!!
2018-10-10 09:58:45,palitotwitavila,"@a_arreyes @forasteroDibera @Aerolineas_AR No cabeza! Era un deficit sostenido! Ahora si da perdida y a proposito para poder tener excusa de privatizarla, o lo que es peor, desguazarla! Asi le dan lugar a sus aviones"
2018-10-10 09:48:21,LadyWolvhes,@Aerolineas_AR Lloren tranquilos... a mi me rompen el ojete siempre https://t.co/EIw9ZBxekB
2018-10-10 09:47:02,EtiAndi,"@Aerolineas_AR A toda la #Argentina no. A la Pampa, como no hay competencia, no sÃ³lo que no los bajaron sino que los subieron."
2018-10-10 09:02:05,gamba1063,Abrimos #ElClubDelBostezo con @santimirandasf y hoy buscamos a los valientes que cumplan el desafÃ­o de @Aerolineas_AR âœˆğŸ‰ğŸ™Œ Que tres cosas te llevarÃ­as si estuvieras un aÃ±o encerradx en una habitaciÃ³n? ğŸ¤” Daleee que hoy te convertÃ­s en #HÃ©roeDeMiÃ©rcoles ğŸ˜‚ https://t.co/oxHM0qXJNv
2018-10-10 06:31:17,lurolla97,@beberparavivir @Aerolineas_AR Maravillosa jugada
2018-10-10 06:29:02,vivirparabeber,@Aerolineas_AR @lurolla97 para cuando huyamos de la nena
2018-10-10 04:58:20,JAVIERTOKIAN1,@Aerolineas_AR @RomyPrieto cuÃ¡ndo venÃ­s?.
2018-10-10 04:26:03,AgustinRuibal,@Aerolineas_AR Sisisi por toda Argentina claroooo
2018-10-10 04:13:40,benicio_di,"@S0Y_SERGIO @JorgeEsteve5 @Aerolineas_AR @mauriciomacri No te ahorras una mierda... es mentira la promo, y el globo agradece...mamita querida!!!"
2018-10-10 03:12:47,HCAQUILMES,"@RitucciFernanda @Aerolineas_AR Cashate Troll d mierda con 5 seguidores,hay q bloquearla Ya"
2018-10-10 03:12:27,econtarino1,@Aerolineas_AR Hola que tal? como pago el codigo de reserva para un pasaje?
2018-10-10 03:11:53,HCAQUILMES,@RitucciFernanda @Aerolineas_AR Si los Hay. Yo saque hoy para abril a BahÃ­a Blanca Lo Ãºnico q No dicen es q el equipaje en bodega No esta incluido.
2018-10-10 03:00:38,MaCris1540,@RitucciFernanda @bettyboo1050 @Guillodietrich @Aerolineas_AR No sabes buscar! Familiares viajaron de Corrientes a Buenos Aires x 1000 $ ida y vuelta!!!!!
2018-10-10 02:58:16,DanielaSaulo,@RitucciFernanda @Aerolineas_AR encontrÃ© para mayo del 2019 a 1500 cada tramo cuando habitualmente estÃ¡n entre 3500 y 5000 cada tramo para mi fue un golazo
2018-10-10 02:32:32,wertygol,Hola @Aerolineas_AR por quÃ© no sos la primera aerolÃ­nea en poner subtÃ­tulos en distintos idiomas a las pelÃ­culas que pasan a bordo y lo promocionas como que pensÃ¡s en la gente hipoacÃºsica. Capaz te ganÃ¡s algÃºn premio internacional o algo asÃ­. Te dejo la idea.
2018-10-10 02:19:45,HCAQUILMES,"@Aerolineas_AR OJO, ES SIN EQUIPAJE EN BODEGA... DEBERIAN ACLARARLO"
2018-10-10 01:48:41,paobruzzone,"@andiscapacidad @gabimichetti @FundacionMaggi @Delta @Aerolineas_AR @santiagoibar @DeportesAR @SaludyDSocialAr @TurismoNacionAR Muy interesante, cÃ³mo tambiÃ©n la desvalorizaciÃ³n que hacen del trabajo de los prestadores!!! #aumentodignoendiscapacidad es indignante y vergonzoso el trato que recibimos"
2018-10-10 01:40:19,NickiBuzzi,DIEGO BONETA ESTÃ EN ARGENTINA!!!! @Aerolineas_AR me quieren teletransportar a Bs As????
2018-10-10 01:34:50,felipenanno,"@Aerolineas_AR Van hacer paro para esa Ã©poca? Los queridos pilotos, no van a joder al que quiere viajar y disfrutar?  Y los que llevan el equipaje? DespuÃ©s que tengan todo bajo control, hagan ofertas."
2018-10-10 01:27:50,anitachehin,@Aerolineas_AR Otra mentira sideral de aerolÃ­neas argentinas reciÃ©n entrÃ© y cuestan una fortuna
2018-10-10 01:05:06,iturramarian,@Aerolineas_AR Dejen de mentir
2018-10-10 00:44:50,PeronismoGlam,Viernes 5 de octubre de 2019  5 y 45 AM PREEMBARQUE DE AVIÃ“N DE @Aerolineas_AR  Yo: Aguante @marianorecalde
2018-10-10 00:31:31,a_arreyes,"@forasteroDibera @Aerolineas_AR Ajammm, pensabas lo mismo con GestiÃ³n Recalde? Cuando en ese momento las pÃ©rdidas rondaban el 200% a lo que es ahora?"
2018-10-10 00:22:11,VSanchezCordova,@Aerolineas_AR Tierra del Fuego esta excepto de esta promociÃ³n.
2018-10-10 00:00:23,S0Y_SERGIO,@JorgeEsteve5 @Aerolineas_AR @mauriciomacri Lo que te ahorras aca lo pagas en gas y nafta
2018-10-09 23:46:05,MeliMuter,"Todos los dÃ­as entro a mi cuenta para ver si @Aerolineas_AR me pagÃ³ el acuerdo que firmamos hace 2 meses. Por supuesto que en ese entonces, era el doble que ahora"
2018-10-09 23:39:47,checyten64,"@Aerolineas_AR He intentado varias veces y en diferentes fechas, y no existe la promo de $699 por tramo!"
2018-10-09 23:38:05,NetValue1,"Gracias @Aerolineas_AR por traernos a casa, despuÃ©s de cerrar una gran jornada! #amamosloquehacemos https://t.co/1c7DwJ20yC"
2018-10-09 23:33:44,PiroLeti,@Aerolineas_AR Donde???????? A jujuy 10.000 millas...ğŸ¤‘ğŸ˜¢ğŸ˜¢
2018-10-09 22:54:41,Clau_R_E,@DNDConsumidor @gustinValdes @Aerolineas_AR Defensa del consumidor es del estado argentino. AerolÃ­neas tambiÃ©n. Fin
2018-10-09 22:54:00,Clau_R_E,@Aerolineas_AR En menos de un mes lo aumentaron 200$
2018-10-09 22:48:34,federicoscuri,"@Aerolineas_AR Yo sÃ© que a veces es complicado. Se que es muy difÃ­cil para muchos. Pero si leemos bien. Dice desde 699. No dice que sale 699, sino desde. Por ende un vuelo sale desde 699 hasta miles de pesos. Alguno de 699 habrÃ¡ pero no todos"
2018-10-09 22:47:36,JaninCarolina,"@Aerolineas_AR Aprovecho para felicitar a la tripulacion del vuelo 1135 Madrid- Bs As Dom 7/10, por la calidez y buena predisposiciÃ³n durante las 12 hs de vuelo. Lo bueno tambien vale decirlo."
2018-10-09 21:58:09,OrugaChina,"@Aerolineas_AR Devolveme mi num de socio, q hace un aÃ±o pierdo millones de millas"
2018-10-09 21:49:38,Josimohamad,@Aerolineas_AR Una estafa. Un venta de humo. Un verso descomunal. Es publicidad engaÃ±osa. No existen esos precios aun mirando varias fechas
2018-10-09 21:42:26,2016cato,@forasteroDibera @Aerolineas_AR PerdÃ³n pero la empresa miente con los precios de Ã©sta promociÃ³n  o me vas a decir q no?
2018-10-09 21:39:29,chalataton,@DantasMartin @Aerolineas_AR Les dije se viene una super temporada
2018-10-09 21:36:36,SergioOttino,"@Aerolineas_AR Uno de los pilares de las low cost es operar en aeropuertos alternativos, que son mas economicos. No me parece bien que @Aerolineas_AR compita con esos precios desde AEP. Queremos una Aerolinea RENTABLE, no barata. A los Argentinos siempre lo barato nos sale caro."
2018-10-09 21:36:20,RitucciFernanda,Mentiraaaaaa.@Guillodietrich @Aerolineas_AR @DNDConsumidormiren la cantidad de quejas que hay...no existe promo alguna y mire varias fechas.. https://t.co/OoXN8vDJdQ
2018-10-09 21:36:06,quedecis01,"@Aerolineas_AR No solo es info falsa, sino que las tarifas que son mÃ¡s caras no incluyen equipaje ni asiento...  como las low cost que tanto critican y q no quieren dejar operar!"
2018-10-09 21:32:07,RitucciFernanda,@gustinValdes @Aerolineas_AR @DNDConsumidor Son una mentira @Aerolineas_AR ...no existe la promo...busquÃ© diferentes fechas a propÃ³sito....y salen desde $5000...@DNDConsumidor
2018-10-09 21:27:30,Carofigueroa79,Para volar a CÃ³rdoba en carnaval no existen esos valores! SON UNA MENTIRA y UN FRAUDE @Aerolineas_AR https://t.co/DJ2Nn38Rti
2018-10-09 21:10:40,bdclientes,"@Aerolineas_AR Fue DM , por favor"
2018-10-09 21:07:47,ErvgomezRosanna,@Aerolineas_AR Que sea TODO EL AÃ‘O las promociones
2018-10-09 21:06:53,Elchapaqac,@Aerolineas_AR Dice $699 x tramo. El tema acÃ¡ que mierda es ese tramo. 3 km? 15? Que onda?
2018-10-09 21:05:19,juanrosbaco,"@Aerolineas_AR compre una valija adicional para ir a Bariloche en pesos y me hicieron el cobro en dÃ³lares, en la tarjeta. Es una vergÃ¼enza!!! CÃ³mo hago para que me reintegren y me cobren como corresponde??"
2018-10-09 21:02:46,DantasMartin,En Mendoza ya promocionan los vuelos de @Aerolineas_AR a Mar del plata para la temporada de verano 2019. https://t.co/dx7Zmx4mnt
2018-10-09 20:57:41,enteturismomza,Directivos de @Aerolineas_AR presentaron la operaciÃ³n de vuelos de verano de la compaÃ±Ã­a. Se ofrecerÃ¡ un 15% mÃ¡s de asientos que en 2018. AdemÃ¡s se suma Mendoza - Mar del Plata con 5 frecuencias semanales. https://t.co/WaNDSlSqV1
2018-10-09 20:33:24,eltanodegonnet,@Aerolineas_AR Hijos de putaaaaa! De donde sacan esos precios? 19 lucas para 2 desde San MartÃ­n de los Andes?!!!
2018-10-09 20:22:52,gmcalvo,@Aerolineas_AR No existe tal promociÃ³n busque en todas las opciones y por 700 pesos no voy a ningÃºn lado ...
2018-10-09 20:14:40,juanlabath,@forasteroDibera @blukalo @Aerolineas_AR El dto dÃ© marketing estÃ¡ tomado por sindicalistas ....
2018-10-09 20:07:10,forasteroDibera,@Liliana202702 @Aerolineas_AR Gracias
2018-10-09 20:07:08,PanchoPFG,Me explicÃ¡s donde aplica tu promo @Aerolineas_AR ????? ğŸ˜’ https://t.co/xuvKpLUnFs
2018-10-09 20:06:25,forasteroDibera,@a_arreyes @Aerolineas_AR Hay que separar las aguas la dirigencia empresarial no tiene nada que ver con los empleados
2018-10-09 20:03:43,forasteroDibera,@blukalo @Aerolineas_AR Es fÃ¡cil opinar a boca de jarro
2018-10-09 20:02:51,forasteroDibera,@2016cato @Aerolineas_AR La queja es de los empleados y la publicidad la realiza la dirigencia empresarial ..hay que separar las aguas
2018-10-09 19:50:19,docsamu78,@DNDConsumidor @gustinValdes @Aerolineas_AR Claro hacer una denuncia tiene que ser anÃ³nima acÃ¡ te pide. Todos tus datos una entidad del gobierno te pide tus datos
2018-10-09 19:49:09,docsamu78,@DNDConsumidor @gustinValdes @Aerolineas_AR El tema que te pide tus documentos una entidad del gobierno que te pida tu documento para hacer una denuncia contra la aerolÃ­nea del gobierno no tiene ni la mÃ¡s absoluta libertad de hacer una denuncia sin ser luego atacado por el poder que tiene el estado de intimidar ya sea...
2018-10-09 19:46:15,Marinamdlp,@Aerolineas_AR AlgÃºn dÃ­a responden los reclamos por algÃºn medio? Terrible atenciÃ³n al cliente. Me voy a cambiar de programa de pasajero frecuente ğŸ˜¡
2018-10-09 19:43:52,PacoLVP,@Aerolineas_AR 11 lucas me sale de comodoro a cordoba el mes que viene que hijos de puta qliau awanta que onda tan re locos se pachan chabon asi no va eh todo mal ahre no enserio manga de culiau dejen de mentir con esa poronga de $700
2018-10-09 19:37:52,ViajarSiempre,@ElMundoOk @ViajesChat @iatiseguros @Aerolineas_AR Muchas graciassssssssâœˆï¸âœˆï¸âœˆï¸
2018-10-09 19:35:14,ElMundoOk,@ViajarSiempre @ViajesChat @iatiseguros @Aerolineas_AR Â¡QuÃ© preciosidad! #viajeschat
2018-10-09 19:34:12,ViajarSiempre,"@ElMundoOk @ViajesChat @iatiseguros R4: Una de las fotos mÃ¡s lindas que saquÃ© volando, y es mi pinned tweet. Aterrizaje con @Aerolineas_AR en Aeropuerto El Prat, Barcelona en abril 2016.  #ViajesChat https://t.co/k8dUQj56Ep"
2018-10-09 19:14:39,AVarvasini,"@Aerolineas_AR Apurate a comprar, por si hay algÃºn paro. ğŸ˜‚ğŸ˜‚ğŸ˜‚ğŸ˜‚"
2018-10-09 18:50:35,RitucciFernanda,Mentiraaaa....@Aerolineas_AR ..me canse de buscar..y no hay esos precios https://t.co/idjk7jk14t
2018-10-09 18:11:30,barbaritajack,"Que cagada que @Aerolineas_AR te cambiÃ© siempre el vuelo, tengo una vida y cosas que hacer"
2018-10-09 18:09:30,AugustoSaracco,Mientras tanto en Rosario @AIR_Rosario los vemos pasar por arriba. Decenas de vuelos de @Aerolineas_AR para CÃ³rdoba https://t.co/xEBMUFiP41
2018-10-09 18:03:10,alenautaok,@Aerolineas_AR De bsas. A Iguazu el mas barato 4000 y pico x persona...no entiendo es sta publicidad..serÃ¡ x los tramos??
2018-10-09 17:56:05,MariaDealbera,"@Aerolineas_AR  Hoy en CÃ³rdoba AA, anunciÃ³ la temporada de verano, hacia , el sur ,norte y tambiÃ©n Caribe. NECESITO SABER , SI VUELVE EL VUELO DIRECTO CÃ³rdoba - Chapelco?? GRACIAS!!!!!!!"
2018-10-09 17:46:15,Leticiaestevez,@Aerolineas_AR es un verdadero orgullo. Da placer viajar por nuestra lÃ­nea de bandera. ğŸ‡¦ğŸ‡·
2018-10-09 17:42:30,Leitomarrrtin,2 grandes de las alturas viÃ©ndose las caras !!@PabloK75 @Aerolineas_AR @ControllersAep https://t.co/5MP5Sgnqao
2018-10-09 17:42:06,JuanchoJuanpi02,"@Aerolineas_AR Fua Sandra, alta en el cielo"
2018-10-09 17:38:07,MayoCaty,@Aerolineas_AR Intente comprar en las fechas a varios destinos y nunca respetan esa tarifa... #estafa #mentira ğŸ˜’
2018-10-09 17:23:25,rivapablo21,"@Aerolineas_AR la bandera Argentina en el aeropuerto de Ushuaia deberia estar a la vista de todos. En el medio de salÃ³n. Al ingreso para que todos la vean. AcompaÃ±ada de IluminaciÃ³n y un lugar con imagenes. No al costado de un tacho de basura, casi abajo de la escalera. Respeto! https://t.co/7ggdaIuj1S"
2018-10-09 17:18:30,tresge71,A volar se ha dicho! Por @Aerolineas_AR ğŸ˜Š a la bella CÃ³rdoba! https://t.co/5MSjzv9u5g
2018-10-09 17:15:33,ocherep,@Aerolineas_AR hace lo que quiere. Te pasa un vuelo 7 horas y te avisa 24 hs antes...Â¿ no pueden resolver el problema en este tiempo? Total... el que se jode es el que llega tarde y pierde sus pasajes en Argentina
2018-10-09 16:49:17,Seniorpepinillo,@InfoViajera @Aerolineas_AR Yo no lei pero vi la tabla y es genial
2018-10-09 16:40:43,Andrea_a_mil,@andiscapacidad @gabimichetti @FundacionMaggi @Delta @Aerolineas_AR @santiagoibar @DeportesAR @SaludyDSocialAr @TurismoNacionAR Dejen de hacer circo! NO al recorte en discapacidad. Aumento del valor nomenclador YA! No sÃ© cÃ³mo pueden dormir de noche!
2018-10-09 16:25:58,sillcrespo,@Aerolineas_AR Esta bueno q contesten las llamadas No?
2018-10-09 16:14:55,ferpetris,Cuando uno enumera los motivos para volar por @Aerolineas_AR seguro @malenitaeche es uno! Gracias nuevamente y un abrazo! https://t.co/13l9BC22x4
2018-10-09 16:09:59,malenitaeche,@ferpetris @Aerolineas_AR Uy! Que sorpresa! gracias!  Es mi obligacion! Bienvenido a bordo SIEMPRE! HASTA PRONTO!
2018-10-09 16:03:20,rami101276,@Aerolineas_AR Es mentira esta promo....busque los destinos que busque en las fechas indicadas por Uds. Los precios no son los que dicen.
2018-10-09 15:55:04,andiscapacidad,ğŸš² | La @andiscapacidad y @gabimichetti participaron de la jornada â€œPor mÃ¡s movimientoâ€ de la @FundacionMaggi. Junto con el apoyo de @Delta y @Aerolineas_AR se armaron y donaron bicicletas adaptadas para personas con discapacidad. https://t.co/YeradgEiIO
2018-10-09 15:51:39,InfoViajera,"@misjj40 @todoporviajar @Aerolineas_AR Regionales: variado (algo mejor, algo peor) - Internacionales: sin cambios por ahora"
2018-10-09 15:50:32,misjj40,@todoporviajar @InfoViajera @Aerolineas_AR Cabotaje ok internacional es malo?
2018-10-09 15:47:14,Carlos12620685,"@danu_pele @Aerolineas_AR @C5N @todonoticias @dzapatillas No solo eso,a la hora al intentar canjear de nuevo ya no hay disponibilidad en el tramo de vuelta y el link para comprar millas desde la misma pantalla no funciona!!!!"
2018-10-09 15:40:39,ViajarSiempre,@InfoViajera @todoporviajar @Aerolineas_AR Totalmente! Muy aprovechable!!!!
2018-10-09 15:37:38,InfoViajera,@ViajarSiempre @todoporviajar @Aerolineas_AR El cambio en cabotaje es una fiesta
2018-10-09 15:36:32,ViajarSiempre,"@todoporviajar @InfoViajera @Aerolineas_AR Siempre pesimistas los argentinos por naturalezaâ€¦.Â¿Por quÃ© serÃ¡ que directamente dicen ""lo leÃ­, pero seguro es malo""...que idiosincracia?? Vi la grilla, cambiÃ³ mucho y para bien...."
2018-10-09 15:33:57,InfoViajera,"@todoporviajar @Aerolineas_AR Je, je, un una mezcla indeterminada de ambas cosas"
2018-10-09 15:32:51,exeortiz05,B737-700 AR en Final de la 02 @SpottersTUC @aeropuertotuc @Aerolineas_AR  un poco movido https://t.co/xEK79FlGh1
2018-10-09 15:30:49,todoporviajar,@InfoViajera @Aerolineas_AR O somos todos vagos o estamos resignados a las noticias malas jejeje.
2018-10-09 15:24:36,LioCoria,"hola @Aerolineas_AR si selecciono + de un adulto para comprar pasaje, los precios publicados son x cada pasaje o por todos?"
2018-10-09 15:22:23,alva1508,Siguen entregando las rutas nacionales a empresas extranjeras mientras que a @Aerolineas_AR le siguen quitando rutas. Competencia desleal y buscan el vaciamiento de la aerolÃ­nea de bandera. #LosCielosNoSeVenden  https://t.co/uJ76jzudZY
2018-10-09 15:19:48,HCAQUILMES,"@Aerolineas_AR DIGAN TB Q ESTA TARIFA ES SIN EQUIPAJE EN BODEGA, Y EDTARIA BUENO SABER CUANTO SALE DESPACHAR HASTA 15 KG? GRACIAS."
2018-10-09 15:19:06,chinitasolari,@Aerolineas_AR  buenos dÃ­as quiero agradecer el trato especial q tuvieron con mi madre un servicio excelente  Ida y vuelta
2018-10-09 15:06:18,Gonzabeiro12,"@damian_pintos @Aerolineas_AR No cerrÃ³, te cagaron nomÃ¡s"
2018-10-09 15:04:31,monypalombo08,"@Aerolineas_AR Pero SerÃ¡ Cierto O No???. Por Los Comentarios SerÃ­a Una Mala Forma De ""Enganchar""!"
2018-10-09 14:53:30,julidelsolar,"Ayer tuve el privilegio de participar de â€œVivir de pieâ€, con @jeanmaggime, gracias a la invitaciÃ³n de @Aerolineas_AR y @Delta.  Fue una lindÃ­sima jornada de aprendizaje y de trabajo en equipo armando bicicletas. Comparto link para sumarse a esta iniciativa https://t.co/HXE45Unel1 https://t.co/latdWCBQFg"
2018-10-09 14:48:20,Luuucilu,@Aerolineas_AR Â¿CuÃ¡ndo ponen 12 cuotas s/i con todas las tarjetas? :(
2018-10-09 14:44:59,DNDConsumidor,"@gustinValdes @Aerolineas_AR Â¡Hola! Si encontraste una oferta que te pareciÃ³ engaÃ±osa, podÃ©s reclamar acÃ¡ â†’ https://t.co/VI6XE5CVmb."
2018-10-09 14:44:22,InfoViajera,"Hay que reconocer que ustedes son sinceros, eh ğŸ˜‚ğŸ‘†ğŸ‘†ğŸ‘†  AsÃ­ lo resultados de esta mini encuesta sobre el cambio en @Aerolineas_AR Plus: https://t.co/gwdkrPpYaO"
2018-10-09 14:44:18,maritaguillin,@Aerolineas_AR Me contestan un msj q mande al fb. ? Gracias ğŸ˜
2018-10-09 14:40:48,danu_pele,"@Carlos12620685 @Aerolineas_AR @C5N @todonoticias @dzapatillas Que hacer cuando dificultan el canje de puntos? permiten la reserva, pero no permiten finalizar el tramite? imposible la comunicaciÃ³n y la pagina no funciona!"
2018-10-09 14:36:20,Geocastellino,"@Aerolineas_AR Hola AA, necesito que POR FAVOR me respondan por algun lado, nunca solucionan nada, y como pasajero frecuente siempre pierdo. ME SOLUCIONAN ALGO PORFA?"
2018-10-09 14:35:06,Carlos12620685,"@Aerolineas_AR ...porque me resulta tan difÃ­cil canjear mis millas...casi media maÃ±ana intentando ,chat online lÃ­nea,mÃ¡il..y se detiene a la hora de pagar los impuestos...porque???"
2018-10-09 14:30:26,radiomitrecba,"En #DeMaÃ±ana | MÃ¡ximo Amadeo, director Comercial de @Aerolineas_AR. La aerolÃ­nea ofrecerÃ¡ en CÃ³rdoba un 17% mÃ¡s de asientos durante el verano. https://t.co/dWjQ6Ak8SL"
2018-10-09 14:29:54,JorgeEsteve5,@Aerolineas_AR Gracias @mauriciomacri ...por traer competencia !!!
2018-10-09 14:23:15,antoninimariala,"@Aerolineas_AR Te hacen entrar a  promos q no existen y los sinverguenzas te dejan  varados cuando se les canta, sindicalistas mafiosos"
2018-10-09 14:22:44,famafeta,@Aerolineas_AR Un pasaje de vuelta de Cba a Nqn para el viernes pasado un costo de casi 12.000 hablame de oportunidades...
2018-10-09 14:16:25,2016cato,@Aerolineas_AR Dejen de mentir!!!! despuÃ©s se quejan de las low cost. VÃ¡yanse a cagar!!!!!
2018-10-09 14:09:45,tolesacchini,@Aerolineas_AR  no podes arrancar la cabeza con el precio por un vuelo de cabotaje
2018-10-09 14:07:30,MaraTrad,"Lamentablemente, no se habla ni se escribe lo suficiente en los medios sobre la gran labor de la FundaciÃ³n Jean Maggi, creada y dirigida por un cordobÃ©s ejemplar junto a un maravilloso grupo de personas, y ahora tambiÃ©n con el apoyo de empresas como @Aerolineas_AR y @Delta. https://t.co/9r8hEAL9gc"
2018-10-09 14:02:07,maurocaino,"@panchada @Aerolineas_AR Hola Valeria, fijate que la publicidad dice: ""âœˆ Desde y Hacia #TodaArgentina ğŸ˜‰ Â¡VolÃ¡ por Toda Argentina ğŸ‡¦ğŸ‡· desde $699 final por tramo, comprando Ida y Vuelta! ğŸ›« "". TambiÃ©n simule ir de Cordoba a Jujuy y sale mas caro."
2018-10-09 13:56:38,JorgeGabaldo,@Aerolineas_AR ESTO ES TODO UNA MENTIRA!!!!! Quiero sacar pasaje NEUQUEN-CORDOBA-NEUQUEN para abril/2019 y no hay a ese precio
2018-10-09 13:48:15,panchada,@Aerolineas_AR #Gracias!! Excelente vuelo!!! https://t.co/uN3hFUjknn
2018-10-09 13:47:19,panchada,@maurocaino @Aerolineas_AR Acordate que dice desde y sÃ³lo a CÃ³rdoba es de $699 seguramente Jujuy arranca en $1800 segÃºn el dÃ­a y hora siempre es mÃ¡s barato Martes/MiÃ©rcoles Ã³ Domingo segÃºn cantidad d vuelos tambiÃ©n
2018-10-09 13:45:22,panchada,@Aerolineas_AR Saque y use promociÃ³n anterior a $499...Santa Fe/Bue/Bue/Slt/Bue/Bue/PRA total $2200 #UnRegalo Un tramo a SALTA hoy sale arriba d $2800 1TRAMO y la PROMO dice bien desde.. LEAN BIEN  #GraciasAerolineasArgentinas
2018-10-09 13:41:48,pipas_ar,@AdrianFlores10 @MarceloHVega @aa2000oficial @AvionesenEzeiza @Aerolineas_AR Mostrarme los subsidios que le dio el estado nacional a FlyBondi
2018-10-09 13:32:01,RicDelNegro,@Aerolineas_AR Todo chamuyo... Aguante @flybondioficial
2018-10-09 13:25:59,crishtinafor,"@Aerolineas_AR PorquÃ© no promocionan los vuelos de cabotaje de aerolÃ­neas, junto con las low cost, siguen haciendo negociados?"
2018-10-09 13:25:50,LaPlaceTurismo,#PuntaCana #DIRECTO en Temporada Baja | CUPOS de @Aerolineas_AR https://t.co/dasycdbgDl
2018-10-09 13:25:30,bdclientes,"@Aerolineas_AR Buenos dias, fue DM. Gracias!"
2018-10-09 13:05:22,CarabSil,@Aerolineas_AR Quiero canjear millas y en la pÃ¡gina en el momento de pagar el impuesto sale un error. Por mail no responden y por telÃ©fono el menÃº no da opciones . AgradecerÃ­a darme una soluciÃ³n
2018-10-09 13:02:58,feigue9,@bancoprovincia @Aerolineas_AR Con la devaluacion q  hay y inflacion no podemos viajar
2018-10-09 13:00:26,bancoprovincia,Â¿A dÃ³nde te gustarÃ­a viajar? VolÃ¡ por @Aerolineas_AR abonando en cuotas sin interÃ©s con tus tarjetas de crÃ©dito @bancoprovincia. ğŸŠâœˆï¸ğŸŠ EncontrÃ¡ toda la info acÃ¡: https://t.co/dtbKclm9fZ PromociÃ³n vÃ¡lida hasta el 31/12/2018. https://t.co/BFP1cOWqN9
2018-10-09 13:00:03,adrianbarcan,"@Aerolineas_AR Mentirosos y ladrones, bue cpc solo ida casi 7000."
2018-10-09 12:36:27,a_arreyes,"@Aerolineas_AR Que publicidad engaÃ±osa. Del 01 de marzo al 10 de marzo $ 2056 a TucumÃ¡n ida y vuelta @Aerolineas_AR explÃ­came tu promociÃ³n? Por que mienten? Para que tener una ""AEROLINEA BANDERA"" que pagamos todos los argentinos sin beneficios AlgÃºn dÃ­a serÃ¡n privatizadas, se lo merecen https://t.co/Y2nzhxWyWX"
2018-10-09 12:29:24,a_arreyes,"@Cjb_cu @Aerolineas_AR Decime que beneficencia da""TENER UNA AEROLINEA BANDERA"" Todos los argentinos bancamos una empresa que da pÃ©rdidas FÃ­jate la gestiÃ³n Recalde, y la actual ""Da Perdidas"" por donde la mires NingÃºn beneficio para los usuarios Pagamos salarios altos y viven dejando varada a la gente"
2018-10-09 11:52:56,leandropplanas,"@Aerolineas_AR Ayer a las 13 hs saque ida y vuelta a Santa Rosa 3200 y a las 21 hs estaba 1600 , hay que ser adivino para encontrar buenos precios"
2018-10-09 11:48:46,PabloK75,"El CÃ³ndor despegando de Ezeiza. Hace apenas unos minutos, A330 de @Aerolineas_AR en ascenso rumbo a Miami https://t.co/qnEX8athRD"
2018-10-09 11:41:17,damian_pintos,Â¿alguien sabe si @Aerolineas_AR cerrÃ³? hace dos semanas mandÃ© la documentaciÃ³n que me pidieron por una valija que ellos mismos perdieron y sigo sin tener noticias.
2018-10-09 11:32:27,Liliana202702,"@Aerolineas_AR Apoyo a la AerolÃ­nea de nuestra bandera. Si existen problemas porque no le preguntan a Macri, que estÃ¡ haciendo todo para regalarla a algÃºn amigote. Mucha fuerza a los trabajadores de AerolÃ­neas Argentinas!!!!ğŸ’ªğŸ’ªğŸ’ªğŸ’ª"
2018-10-09 11:15:13,gustinValdes,"@Aerolineas_AR @DNDConsumidor se puede hacer algo por la publicidad falsa? Entras a comprar los pasajes con las fechas que INDICAN LA SUPUESTA PROMOCIÃ“N pero los pasajes estÃ¡n de $7000 en adelante, ninguno menos de los $4000, por ende los precios de $700 son una MENTIRA!"
2018-10-09 11:02:18,fotomaltes,@Aerolineas_AR Nunca encuentro ese precio.
2018-10-09 10:45:47,HalpernGerardo,@Aerolineas_AR @estebanplopardo Â¿Me parece a mÃ­ o aumento un 40%?
2018-10-09 10:30:03,U24noticias,"FINAL IMPREVISTO Cierran la Terminal Sur de Aeroparque, .@JorgeMolinna https://t.co/sct5sqzjKf .@Aerolineas_AR   .@LATAM_ARG    .@aeropuertos https://t.co/LDQKtSt2LM"
2018-10-09 10:15:08,SergioMaidana86,@Cjb_cu @Aerolineas_AR Ojala sea verdad que la privaticen! como que me cansa pagar sueldos de 200lucas y no usar el servicio!
2018-10-09 09:14:16,Cjb_cu,"@Aerolineas_AR La noticia que sigue: Buscan privatizar AA porque el estado es incapaz de gestionarla con eficiencia, eficacia y calidad! Privatizando la aerolÃ­nea nacional podrÃ­a ser muy competitiva! VIERON LA SERIE EN LOS 90?"
2018-10-09 04:56:18,belurquiza,"@Aerolineas_AR nos cancelÃ³ un vuelo luego de hacernos esperar una hora sin dar informaciÃ³n precisa, no se hicieron cargo de los gastos extras que nos generan al reprogramarlo y, para rematar, me rompieron la valija. Por supuesto que ante todo se lavaron las manos #unavergÃ¼enza"
2018-10-09 04:00:15,charlymatz78,"@DePabloEcon Ya es tarde el consejo...@Aerolineas_AR en feb a Rio 2 adul y 1 menor $29k, hotel 8 noches $25k(booking). Ya te digo que se acomodan muchos y es mejor opciÃ³n."
2018-10-09 03:45:56,Lamomoca16,@Aerolineas_AR No mientan!!!! De Santa Rosa a Buenos Aires ida y vuelta sale carÃ­simo!!! No le mientan a la gente!!!
2018-10-09 03:39:31,RosiMercado,@Aerolineas_AR Puse para viajar a Resistencia en/19 y no bajaban de 3600 cada tramo...Dios!!!!
2018-10-09 03:35:32,luzzvaldes,@NicolasMusso1 @Aerolineas_AR Ta loco y QUE FINDE
2018-10-09 03:28:39,blukalo,@Aerolineas_AR Si! Vas volar si se les canta a los dirigentes sindicalistas!!!!
2018-10-09 03:12:56,CFarius,@Aerolineas_AR Otra vez la misma mentira
2018-10-09 03:01:12,NicolasMusso1,@luzzvaldes @Aerolineas_AR Ahhh pero el finde ...
2018-10-09 02:56:05,juancho_rl,Russo lo estÃ¡n esperando en el aeropuerto con tÃ­quets de ida a Argentina @Aerolineas_AR
2018-10-09 02:47:51,Thomaso2015,@Aerolineas_AR AA te cancela un vuelo y no es capaz de contestar un reclamo. Horrible.
2018-10-09 02:34:11,yunesnelly1,@Aerolineas_AR No mientan con las promociones
2018-10-09 02:33:47,ferpetris,"Gracias a toda la tripulaciÃ³n del vuelo 1670 de @Aerolineas_AR, en especial a @malenitaeche comisario de a bordo, calidad humana que todos necesitamos, felicitaciones y ğŸ™ğŸ™ğŸ™ğŸ™ğŸ™"
2018-10-09 02:32:59,Historikaaa,@Aerolineas_AR  estoy enojada con  ustedes. Por que no puedo viajar con mis ratas en una transportadora? pesan y ocupan menos lugar que un gato.
2018-10-09 02:09:28,dianaime,"@Aerolineas_AR vuelo a ny 1300 demorado xq no llega la trip, hace tres aÃ±os que esto no me pasaba, veniamos bien"
2018-10-09 01:59:06,andrestjarks,@JjlopezYo @Aerolineas_AR ğŸ¤£ğŸ¤£ğŸ¤£ğŸ¤£ğŸ¤£ Vos pedis seriedad???  la foto de perfil es tu culo hermano. Que hdp!!
2018-10-09 01:47:15,SoledadRox,@Aerolineas_AR Y ademÃ¡s te clava para sin aviso y jodete! El viernes estuve 14 hs en aeroparque intentado llegar a Jujuy y tuve que volar vÃ­a Salta y despuÃ©s arrÃ©glate!
2018-10-09 01:32:18,xProfesionales,QuÃ© pasa con las valijas @Aerolineas_AR ? Vuelo 1429 #Salta - #BuenosAires https://t.co/yXhfvyGvaC
2018-10-09 01:28:45,AleHook7G,@DrHache_70 Obvioooooo como mucho le sacarÃ¡ unos meses de sueldo en @Aerolineas_AR
2018-10-09 01:19:57,archila_bonilla,@Aerolineas_AR Es una mentira 6000 mil pesos hasta calafate
2018-10-09 01:16:15,MerWentzel,@Aerolineas_AR van a cancelar vuelos por la tormenta y alerta de granizo en Buenos Aires?
2018-10-09 01:01:08,meroph_,GUARDEN LOS AVIONES @Aerolineas_AR
2018-10-09 00:50:42,marioclep,Hola @Aerolineas_AR les dejÃ© un DM. FAVOR DE RESPONDER A LA BREVEDAD. GRACIAS
2018-10-09 00:22:47,MARIALUISAGOMEZ,@Aerolineas_AR Para san juan NO HAY ESAS TARIFAS...
2018-10-09 00:15:49,Veronic03116584,"@LATAMAirlinesUS  nunca me devolvieron el valor del equipaje daÃ±ado, en los mails decÃ­an que lo harÃ­an y no fue asÃ­, pasaron 6 meses @emirates @Aerolineas_AR @AirEuropa"
2018-10-09 00:04:26,vmenditto,@RosaliaKowal @Aerolineas_AR Que fecha ?
2018-10-08 23:42:18,Setvnav,"@marcealbino @meck737 @Guillodietrich @MindeTransporte @Aerolineas_AR Ambos 2 hacen mis dÃ­as mÃ¡s felices y que no me atormente tanto el futuro..Me preocupa? MuchÃ­simo, pero viendo estos hilos me doy cuenta que no estoy solo"
2018-10-08 22:59:32,Murimore,"@Aerolineas_AR El precio dice en pequeÃ±o ""Desde"" a Ushuaia el tramo es aprox $1700 por lo que el roundtrip sale $3500aprox."
2018-10-08 22:56:50,tolesacchini,Como puede ser q un pasaje en @Aerolineas_AR a bahÃ­a blanca me sale entre $14000 y $16000 y flybondi $3000?
2018-10-08 22:56:19,adricepe67,"@Aerolineas_AR La verdad no se cÃ³mo dicen esto, yo me metÃ­ en la publicidad para sacar pasajes y cuando pones fecha y lugar te tira el precio normal.."
2018-10-08 22:54:10,papuchoturbo,@Daniel55Sur @Linocornejo @Aerolineas_AR Mas le deben pagar a uno que ni conoce el Aeropuerto de El Palomar no? https://t.co/QYFbTekKzS
2018-10-08 22:44:07,susanaacosta10,"@Aerolineas_AR necesito q me envÃ­en por favor la tarjeta AerolÃ­neas Plus. Ya,soy socia pero nunca la tuve 20731329"
2018-10-08 22:42:58,LuchoRandazzo,"@Giiferrante @Aerolineas_AR Olvidate... los hdp no te responden. Del 30/09 espero respuesta! LlamÃ©, mandÃ© mail, escribÃ­ por twitter, por facebook y por el formulario en el sitio web. PaguÃ© el pasaje a Europa, lo descontaron de la tarjeta y no me envÃ­an el pasaje. Y en la oficina ni bola!"
2018-10-08 22:38:28,McCLOVINpy,@Aerolineas_AR Son pesos ve? En Paraguay como compro?
2018-10-08 22:37:14,marcealbino,@meck737 @Guillodietrich @MindeTransporte @Aerolineas_AR Marquitos no van a responder... cuando no pueden explicar algo se escudan en que los q opinan son militantes opositores y estan tan cegados como los q ellos critican! No te olvides q disfrazan mediaticamente su fracaso... ellos lo llaman Ã©xito negativo!!
2018-10-08 22:34:32,meck737,"@marcealbino @Guillodietrich @MindeTransporte @Aerolineas_AR si Marcelo, pero me gustaria que responda alguien de los que estan contentos, como lo justifican."
2018-10-08 22:33:09,LucasNicoC,@McCLOVINpy @Aerolineas_AR MÃ¡s impuestos.
2018-10-08 22:32:54,marcealbino,"Porque es todo humo! Nadie te va a responder porque @Guillodietrich y @MindeTransporte estÃ¡n preocupados por hacer negocios con los amigos, la verdadera conectividad la hace el grupo @Aerolineas_AR porque cubre lo q se llamaban rutas de cargo ademÃ¡s de cubrir destinos rentables! https://t.co/LTmWuIXkX4"
2018-10-08 21:46:08,RosaliaKowal,"@Aerolineas_AR Me comprÃ© 8 pasajes, ida y vuelta Res-BsAs...$790 el tramo...un lujo! Ã‰sta vez es verdad la promo"
2018-10-08 21:37:26,lilitacris,"@McCLOVINpy @Aerolineas_AR HabrÃ­a que ver ""el tramo"".... ğŸ¤”"
2018-10-08 21:32:23,McCLOVINpy,@Aerolineas_AR Buenos aires a Ushuaia..ida y vuelta..serÃ­a 1.400 pesos?
2018-10-08 21:23:46,luzzvaldes,Adivinen quiÃ©n perdiÃ³ el vuelo? @Aerolineas_AR los amo
2018-10-08 21:22:50,julia2146,@Aerolineas_AR y despegar hace 1 aÃ±o reclamo devolucion enfermedad . habiendo cumplido con documentacion sigo esperando.3 mediaciones .a ver sai pueden resolver
2018-10-08 21:07:03,parkletchile,POR FAVOR DIFUNDIR impresentable maltrato de @Aerolineas_AR en Aeroparque: confiscan moises a mujer embarazada e impiden su embarque con amenazas (vuelo AR 1290) cc:@ReclamosViajero https://t.co/7aLLikAd2P
2018-10-08 20:57:23,jimenaroldan,En el mes de Marzo pasado tenia planeado un vuelo a Peru pero x razones personales no pude hacerlo. Ayer finalmente buscamos un nuevo vuelo con @Aerolineas_AR y encontramos un buen precio y casualmente ahora nos dicen q el pago no se procesÃ³.  Era digital y no funciona nada....
2018-10-08 20:46:26,TAbusleme,"@Aerolineas_AR Ahora no nos quieren subir, discriminacion, maltrato y abuso de poder!!!! Eso es esta aerolÃ­nea!!!!"
2018-10-08 20:43:23,marc241962,@Aerolineas_AR Hola estamos en Roma y un amigo que viaja maÃ±ana a Argentina vÃ­a Madrid cuando va a hacer el chek in le aparece solo el vuelo Madrid-BsAs se puede hacer algo decime que datos necesitan gracias
2018-10-08 20:35:46,TAbusleme,"@Aerolineas_AR Se atrasan y uno no dice nada y debe aceptar, uno solicita llevar un canasto y te tratan como delincuente. HabrÃ­a que preguntarse quiÃ©nes son los delincuentes..."
2018-10-08 20:33:51,TAbusleme,"@Aerolineas_AR PÃ©simo servicio, no tomen esta lÃ­nea jamÃ¡s. Cobran 120 dÃ³lares por llevar un canasto de mimbre. InsÃ³lito!!! AdemÃ¡s el maltrato del personal impresionante!!!"
2018-10-08 20:16:30,normixparana,@Aerolineas_AR @Gladysitatibar2 AvÃ­senle q en ParanÃ¡ tenemos Aeropuerto.
2018-10-08 19:12:40,monsusha,Buenas tardes @Aerolineas_AR es imposible comunicarse por telÃ©fono
2018-10-08 18:53:10,Hostnewsred,AerolÃ­neas Argentinas lamenta las cancelaciones de vuelos https://t.co/laz6C0kZaR #aerolÃ­neas #Argentina #AerolÃ­neasArgentinas #vuelos @Aerolineas_AR
2018-10-08 18:34:26,JjlopezYo,@Aerolineas_AR Quise  poner  precios  especiales
2018-10-08 18:33:37,JjlopezYo,@Aerolineas_AR Es  verdad yo..la  semana  pasada de rosario..Mendoza  igual  primos  especiales  y  cuando  confirmas  no  es  ese el..precio..al..final  use micro  cama  y  cena  con..desayuno  2000  ida y  vuelta  . No..hay  seriedad
2018-10-08 17:47:39,serrogus,@Aerolineas_AR porque no atienden los tel hace 3 dÃ­as que llamo y  nada
2018-10-08 17:39:04,matysolo,.@Aerolineas_AR foto 1: el precio del pasaje dice que es por persona. Foto 2: el precio del pasaje dice que es por las dos personas. Mismo precio en ambas fotos. Al final en quÃ© quedamos? https://t.co/6qlZrgZySi
2018-10-08 17:14:56,matysolo,"@Aerolineas_AR .@Aerolineas_AR pregunta, cuando quiero sacar 2 pasajes, el precio que me dice en la foto es por los 2 pasajes o por cada persona? Pregunto porque al poner continuar me dice que es para 2 pasajes. En cambio, en la foto, indica que es por 1 pasaje https://t.co/nPbeQOV6Rh"
2018-10-08 17:11:14,maurocaino,@Aerolineas_AR Quise comprar Buenos Aires a Jujuy para abril y no tienen esos precios que publican.
2018-10-08 17:07:15,juliet_ee,"@Aerolineas_AR necesito hacer un chek in online, y me figura esto, es urgente https://t.co/a7kvkVfsbv"
2018-10-08 16:19:38,enteturismomza,Toda Argentina desde $699 final por tramo!!! Para volar del 1/3/19 al 30/6/19 por @Aerolineas_AR âœˆï¸ Â¿QuÃ© estÃ¡s esperando para sacar tu pasaje a Mendoza? ğŸ˜ğŸ· #GanasDeMendoza https://t.co/Z6giMcGERH
2018-10-08 15:40:45,PAU4327,@Aerolineas_AR estimados su ayuda. El nro. De socio enviado por la pÃ¡gina no me resulta cuando quiero comprar.
2018-10-08 15:33:35,MomentoDeViajar,Primera vez que aprovechÃ³ estÃ¡s promos para emitir un viaje a CÃ³rdoba ida y vuelta $1400ğŸ™ŒğŸ™Œ @Aerolineas_AR https://t.co/1b2NxBs8PA
2018-10-08 14:24:40,SigoSiendoYoOK,"@Aerolineas_AR desde las 10 hs estoy intentando INFRUCTUOSAMENTE comunicarme al 0810, al chat de la pagina y al 011... NADIE ATIENDE!!!"
2018-10-08 12:47:38,P_Drote,"@Aerolineas_AR chicos no pude pagar mi reserva por la pÃ¡gina, que hago?"
2018-10-08 12:19:46,GuruMartinez88,Hola @Aerolineas_AR ... quÃ© me ganÃ© por detectar el error en tu Web? https://t.co/1OkX658K4e
2018-10-08 11:39:03,Canal12TrelewTV,"#Trelew contarÃ¡ con 15 mil asientos mÃ¡s de @Aerolineas_AR a partir de la incorporaciÃ³n de mÃ¡s vuelos desde el mes de octubre, con el objetivo de acompaÃ±ar el inicio de la temporada de pingÃ¼inos y la continuidad de ballenas https://t.co/px4qWb8FAM"
2018-10-08 11:36:10,German_m,@nicko737 @Aerolineas_AR FotÃ³n! ğŸ‘ğŸ»ğŸ‘ğŸ»ğŸ‘ğŸ»ğŸ‘ğŸ»
2018-10-08 11:32:10,delafloresta,"El personal d @Aerolineas_AR y gremios afines, q subvencionamos todos los argentinos con altos sueldos, deberÃ­a mantener impoluta la empresa y abstenerse d protestas d acciÃ³n directa a fin de compensar el gran esfuerzo d sus compatriotas p mantenerlos y asÃ­ atraer mÃ¡s pasajeros. https://t.co/AQuOIfw3Ra"
2018-10-08 11:22:21,Nanitoaraso,MÃ¡s turismo y mÃ¡s federalismo. 15 mil nuevas butacas â¦@Guillodietrichâ© â¦@MindeTransporteâ© â¦@Aerolineas_ARâ©  https://t.co/TrWNxFqfaa
2018-10-08 11:09:32,EstacionTrip,AsÃ­ recibe el aeropuerto de #Trelew cuando llegÃ¡s en el vuelo directo de @Aerolineas_AR desde #CÃ³rdoba para la temporada de ğŸ§ y ğŸ³ porque esa es tierra de dinosaurios @CiudadTrelew @ChubutPatagonia https://t.co/ErO8PHP4jz
2018-10-08 11:09:08,viejo_omar,"@Aerolineas_AR Y Calafate, para cuando?????"
2018-10-08 08:19:24,OrugaChina,Rumbo a Mendoza @Aerolineas_AR     dame mi num d socio q ya perdÃ­ un aÃ±o y medio de millas
2018-10-08 07:53:55,valb81,Aterrizaje @Aerolineas_AR Baires #baires #avion https://t.co/mivelNZ4k7
2018-10-08 02:50:05,nicko737,@sebaramones @Aerolineas_AR @De_aviacion @aviacionline @AvionesCordoba @HANGARX @iloveaviacion @SpottersArg @avgeekretweeter @SirChandlerBlog @ArgSpotters @diazpez No se ve por la sombra jajaja
2018-10-08 02:46:35,sebaramones,@nicko737 @Aerolineas_AR @De_aviacion @aviacionline @AvionesCordoba @HANGARX @iloveaviacion @SpottersArg @avgeekretweeter @SirChandlerBlog @ArgSpotters @diazpez Esta pintado diferente el lado derecho en la punta del avion o el sol hace q no se vea la curva celeste del lado derecho?
2018-10-08 02:46:23,ChubutPatagonia,"#Chubut Un cuadro de naturaleza viva, por @juasalas en @lacapitalmdq, que estuvo en #PeninsulaValdÃ©s gracias a @Aerolineas_AR y @ChubutPatagonia https://t.co/iprsra337Y"
2018-10-08 00:26:06,armandofl,"vÃ­deo retro, hermoso low pass de un B-737 de @Aerolineas_AR celebrando 100 aÃ±os de aviaciÃ³n civil en Argentina. AÃ±o 2007 https://t.co/cWljKS51XL"
2018-10-07 23:51:15,ErikGyorfi,@nicko737 @diazpez @Aerolineas_AR @De_aviacion @aviacionline @AvionesCordoba @HANGARX @iloveaviacion @SpottersArg @avgeekretweeter @SirChandlerBlog @ArgSpotters Excelente!!!!
2018-10-07 23:49:48,VOneAeroPasion,@nicko737 @Aerolineas_AR @De_aviacion @aviacionline @AvionesCordoba @HANGARX @iloveaviacion @SpottersArg @avgeekretweeter @SirChandlerBlog @ArgSpotters @diazpez Muy linda!
2018-10-07 23:37:05,Vickypuye,"@nicko737 @Aerolineas_AR @De_aviacion @aviacionline @AvionesCordoba @HANGARX @iloveaviacion @SpottersArg @avgeekretweeter @SirChandlerBlog @ArgSpotters @diazpez Impresionante,Hermosa!!!ğŸ‘ğŸ‘ğŸ‘"
2018-10-07 23:30:06,mecomolassss,@nicko737 @Aerolineas_AR @De_aviacion @aviacionline @AvionesCordoba @HANGARX @iloveaviacion @SpottersArg @avgeekretweeter @SirChandlerBlog @ArgSpotters @diazpez Espectacular! Como haces esa foto!?
2018-10-07 23:25:52,Jorgeavellino,@KikeLippi @nicko737 @Aerolineas_AR @De_aviacion @aviacionline @AvionesCordoba @HANGARX @iloveaviacion @SpottersArg @avgeekretweeter @SirChandlerBlog @ArgSpotters @diazpez Muy buena!!!!! ğŸ’ªğŸ’ªğŸ’ªğŸ’ª
2018-10-07 23:12:18,nicko737,@KikeLippi @Aerolineas_AR @De_aviacion @aviacionline @AvionesCordoba @HANGARX @iloveaviacion @SpottersArg @avgeekretweeter @SirChandlerBlog @ArgSpotters @diazpez Gracias kike!!! ğŸ›«ğŸ›«ğŸ›«
2018-10-07 23:11:36,nicko737,@vickyulf @Aerolineas_AR @De_aviacion @aviacionline @AvionesCordoba @HANGARX @iloveaviacion @SpottersArg @avgeekretweeter @SirChandlerBlog @ArgSpotters @diazpez Gracias Vicky!!
2018-10-07 23:11:30,nicko737,@diazpez @Aerolineas_AR @De_aviacion @aviacionline @AvionesCordoba @HANGARX @iloveaviacion @SpottersArg @avgeekretweeter @SirChandlerBlog @ArgSpotters JEJJEJE https://t.co/XqfvpWvWJE
2018-10-07 23:05:29,vickyulf,@nicko737 @Aerolineas_AR @De_aviacion @aviacionline @AvionesCordoba @HANGARX @iloveaviacion @SpottersArg @avgeekretweeter @SirChandlerBlog @ArgSpotters @diazpez Divina Nico
2018-10-07 23:02:38,KikeLippi,@nicko737 @Aerolineas_AR @De_aviacion @aviacionline @AvionesCordoba @HANGARX @iloveaviacion @SpottersArg @avgeekretweeter @SirChandlerBlog @ArgSpotters @diazpez Excelente Nico
2018-10-07 20:47:18,Walter_Ro_77,@VoleyPlus @VoleyACLAV @Aerolineas_AR Q bueno... nos regalan pasajes para ir a alentar al ekipo o la seleccion????
2018-10-07 19:59:29,Barralex,@Aerolineas_AR Hey aerolineas! siempre que intento colocar mi numero de viajero frecuente en la pagina web me dice esto. Y eso que ya he sumado millas por garbarino pero Jamas puedo usarlo en su propia pagina. https://t.co/grfPYOWJ3C
2018-10-07 19:31:30,mariel_susana68,@Aerolineas_AR para sacar boleto con C.U.D como tengo que hacer??
2018-10-07 19:09:24,gastonblanco17,"@Aerolineas_AR Hey, me debitaron millas, no paso el pago, jamas me llego un email, y su Call Center no atiende nadie! Ayuda!"
2018-10-07 18:49:25,Jacoboconfer,@Vigo__e SerÃ­a estupendo que Mohamed se quedara en Madrid y esta noche tomara un aviÃ³n de @Aerolineas_AR para volver a Argentina
2018-10-07 18:33:58,airliner001,@valenchugar @Aerolineas_AR La â€œprotestaâ€ no fue por con Aerolineas. Los pilotos no quieren que operen nuevas lÃ­neas aÃ©reas. Por eso te cagaron el viaje a vos y a mucho otros.
