2018-10-11 20:53:45,SamuCastro1425,"@FlashPCT @mrodriguezott @Apple Confiaremos en ti , la verdad es que no me gustar√≠a dejar apple para pasar a Android , pero si no queda m√°s remedio ...."
2018-10-11 20:48:03,IAE_Austral,#GIPIAE en #SiliconValley &gt; @apple Visitor Center #GIPEMBA  #EMBAIAE #transformaci√≥n #conocimiento #IAEBS https://t.co/UjzPtj17Ks
2018-10-11 20:40:15,finalfyl,@Apple estafa
2018-10-11 20:36:21,_SHESHO,¬øY los emojis gordos pa‚Äô cuando @apple?
2018-10-11 20:35:17,tomms15,"@MYM_krnpop @Apple Y supongo que dentro de poco ya  no habr√° actualizaci√≥n , en la p√°gina ya no est√°  el iPhone 6 y 6 Plus , Est√° a partir de. iPhone 7"
2018-10-11 20:24:09,Eloi_Vts,@Apple Mi Xiaomi mi8 vale menos de la mitad y es mejor en pr√°cticamente todo.
2018-10-11 20:24:00,unparrafomas,@Apple Bienvenido al consumismo mejor dicho.
2018-10-11 20:13:16,ChrisdelaC,As√≠ todos los @Apple fanboy. üòÇ https://t.co/ZSSqPoXBQK
2018-10-11 20:01:39,VelizDavilaC,"Llama a los de @Apple y diles que fabriquen un transporte exclusivo para los que que tienen IPhone, TARADA! https://t.co/9e5BgsuN9X"
2018-10-11 20:00:33,InformaBTL,. @Amazon y @Apple rechazan que sus sistemas tienen #chips del #espionaje chino  https://t.co/SGkP1fgp6k
2018-10-11 19:55:33,CertidealES,@shakesporrillo @Apple Los nuestros tambi√©n vienen con garant√≠a larga y puedes conseguirlos a ese precio ;)
2018-10-11 19:43:59,albertjorquera,La fotograf√≠a nocturna del @Apple Iphone XS Max es una pasada! Brutal el cambio en este aspecto concreto üîùüîùüîù https://t.co/TDS8cqmGpF
2018-10-11 19:42:57,joeliconx,Me gustan lo iPhones pero la verdad Google Pixel 3XL por el mismo precio del XS si tiene cargador r√°pido y adem√°s algunos accesorios   https://t.co/QTH1D9eWIW Aprendan algo @Apple
2018-10-11 19:40:39,Hugovisiglia,@Apple Bajarlo de precio! Estamos locos!? Ni con el nuevo sueldo m√≠nimo!! üòÇüòÇüòÇ https://t.co/hdSe9RTJNt
2018-10-11 19:30:33,jacobobmateos,"@CristianRus4 @Apple Acabo de tener un orgasmo mental pensando en un Air Force One dise√±ado por Steve Jobs, Sr. Jonathan Ive y Kanye west"
2018-10-11 19:25:43,shakesporrillo,"@CertidealES @Apple Mejor comprar uno nuevo de 200 euros que viene con garant√≠a y te va a servir para lo mismo (llamar, que te llamen y mandar whatsapp) y te ahorras un dinerito. üòè"
2018-10-11 19:24:41,iVibora,"@Apple Hola busco sugar daddy, interesados manden dm"
2018-10-11 19:24:37,shawnxniallx,¬øPueden agregarlo al teclado? @Apple https://t.co/MUchRQ4wDN
2018-10-11 19:24:21,ALT17dev,La ‚Å¶@AppStore‚Å© de ‚Å¶‚Å¶@Apple‚Å© produce un 93% m√°s de beneficio que la Play Store de ‚Å¶@Android‚Å© en el tercer trimestre. Sale a cuenta desarrollar para #IOS12 https://t.co/EzN0UH9zrG #tech #feedly #apple
2018-10-11 19:21:26,XipitoM,"Mi mama me dise ""Ya Amrit, ya te va a pagar @Apple "" y eso espero seria mui felis https://t.co/vYDB2Cu33g"
2018-10-11 19:19:39,MonitorSur,#HomeLand de #EEUU inici√≥ sus investigaciones sobre el espionaje de #China en #Chips para @Apple y @Amazon https://t.co/m0sRFOKHEy https://t.co/44blp1Xd0Z
2018-10-11 19:01:57,MOVMagazine,"üá®üá≥üîéüá∫üá∏China se infiltr√≥ (literalmente) en EEUU usando un microchip escondido, los sistemas de @Apple y @amazon se ven amenazados. üéõ Te explicamos qu√© podr√≠a suceder y c√≥mo est√°n espiando a EEUU.  ‚û°Ô∏è https://t.co/QnpT0YbL5E https://t.co/KsZPO8NokE"
2018-10-11 19:00:57,sebastiansoto23,@omargcasanova @WhatsApp @Apple Si te van a leer
2018-10-11 18:56:24,politikonline,"""Galaxy A9, el primer smartphone con cuatro c√°maras traseras""  y eso que es un serie A, ya imaginamos al #GalaxyS10, les dejan alta la mision para @Apple #iphone. https://t.co/FcPdVAd5IT"
2018-10-11 18:55:25,Agushtiin_98,"@juliismy @Apple ley√≥ tu tweet y dicen que en la pr√≥xima actualizaci√≥n van a poner un bot√≥n para que el iPhone se convierta en una Ferrari, as√≠ tipo transformer"
2018-10-11 18:49:49,MonseOrtegaaa,"@Apple te amo, pero qpd con qu√© est√°s sacando Software cada 3 d√≠as? üôÉ"
2018-10-11 18:46:48,umsalazar,"Mucho cuidado! Circula un correo fake de la Apple Store; indicando una supuesta compra y que pide confirmar o cancelar abriendo un PDF adjunto, es #Pishing ya que abre una web fraudulenta para gestionar el Apple ID @Apple @AppStore https://t.co/SSWtlFTv9x"
2018-10-11 18:37:46,chemafrias,"Pregunta seria: ¬øC√≥mo hacen para que los aud√≠fonos del iPhone no se les boten cada dos canciones? Muy bonito el dise√±o, pero no se sostienen. ¬øTendr√© que operarme las orejas? @Apple"
2018-10-11 18:35:38,DelAngelKar,A veces me da la impresi√≥n de que @Apple hace al fregadazo sus actualizaciones de iOS y luego vienen los parches de ‚Äúx‚Äù correciones de errores. üòë
2018-10-11 18:28:11,valeriac_a,"@pamelac_a2 @UPSMexico @Apple Jajaja era para quejarme via twitter pero les valio madre, hasta el nombre me cambiaron"
2018-10-11 18:18:16,sovject,"Supongamos que se quedan sin espacio en su iPhone o Macbook, se compran espacio en iCloud. Proceden a borrar las cosas de sus dispositivos asumiendo que ya est√°n resguardados en la nube, no, se borra tambi√©n de iCloud y pierden su informaci√≥n. Son unos putos genios, @Apple. Bravo"
2018-10-11 17:59:50,_MabelMurcia,La c√°mara frontal del iPhone X‚Äôs est√° UNA MIERDA. Se devolvieron al iPhone 6 otra vez @Apple
2018-10-11 17:56:28,Fabianfimbres2,@Apple Reg√°lenme uno por favor! :(
2018-10-11 17:37:20,Aragon_Edwin,Mil y un fallas con el #iPhoneXS o el #IOS12 o de ambos pero de verdad se tienen que corregir varias cosas!! @MxApple @Apple y eso para aplicaciones nativas!! Pues qu√© pas√≥??
2018-10-11 17:34:47,MaiBehn,Se imaginan un iPhone que puedas usar de TRANSPORTE @Apple para tener en cuenta https://t.co/D5WO8FW1d2
2018-10-11 17:32:34,Annangura,"Una vez m√°s  @Apple decepcionando, no puede ser que inviertan m√°s de 5 millones de pesos en un tel√©fono que no carga, o que cada semana o cada 15 d√≠as tengan que actualizar el iOS de los dispositivos no por el avance tecnol√≥gico, sino, para corregir errores. ¬°Vergonzoso! üò°"
2018-10-11 17:31:34,evalcarlos,"@xCapiMand @Apple Tengo un Mi Max 2 que pill√© por la misma cantidad y, de verdad, no puedo estar m√°s contento! üòÉ"
2018-10-11 17:31:16,sandracastillo0,"Tan bueno es el servicio al cliente de @apple que te da la opci√≥n de elegir el tipo de m√∫sica que prefieras en lo que esperas a que te atiendan, son peque√±os detalles pero hasta eso cuidan."
2018-10-11 17:30:54,metrocuadrado,Las instalaciones de @Apple Park han costado aproximadamente 5.000 millones de d√≥lares. ¬øQu√© opinas de este nuevo edificio?  https://t.co/0r1NXxNHFK
2018-10-11 17:30:28,evalcarlos,"@Apple Bienvenido a un mundo rid√≠culo de pagar pastizales por algo que, de verdad, no lo merece... A√∫pa! üò≥üò±üòÇüòÇüòÇü§£"
2018-10-11 17:23:18,martinezmaitane,Ol√≠ @Apple sois unos genios https://t.co/0rs9QYXYOb
2018-10-11 17:19:23,FlashPCT,@SamuCastro1425 @mrodriguezott @Apple Eso es una beta. Espere la versi√≥n final
2018-10-11 17:16:12,fmmundo,"üéôEn #tecnolog√≠a @Apple  ofrecer√° contenido original gratuito a los propietarios de #Iphone, #Ipad y #AppleTV @RODRIGOPROANIO @gabygalarragav https://t.co/jgvfN00u3H"
2018-10-11 17:09:03,TechPeopleMex,"@2xjaime @iShop_Mixup @Apple @AppleSupport Hola Jaime, de acuerdo a tu DM tu equipo ya fue entregado, siempre es un placer ayudarte, no dudes en contactarnos para cualquier otra situaci√≥n que necesites. Que tengas excelente tarde. Saludos !"
2018-10-11 17:02:24,Alfredbarrraza,@Apple porque me hacen cargos a mi tarjeta que nunca autorice y que nunca existieron üò°üò°üò°
2018-10-11 16:41:53,agosssw,nose si cpn la plata de mis quince comprarme una csmara o un celular O HACER ALGO CON ESTE PORQUE NO ME CARGA Y NO ES EL CARGDOR ES RL CELULAR @Apple SOS UNA PORONGA
2018-10-11 16:39:39,CrisCastagnola,@MatiasCamara97 @Apple Ah√≠ la ten√©s a la pelotuda
2018-10-11 16:36:22,ShadowsMex,Pues no que con la actualizaci√≥n del iOS 12.1  traer√≠a nuevos emojis?  @applesfera @Apple
2018-10-11 16:31:50,_bree_nn,@Apple como puedo reclamar una compra que no realice yo y se est√° haciendo uso de mi cuenta ü§î @AppleSupport
2018-10-11 16:17:59,fIowerdrop,hacer las baterias mejores por favor @apple
2018-10-11 16:13:28,AlfonsoDCC,.@Apple fortalece su divisi√≥n de chips con una inversi√≥n de 600 millones de d√≥lares en @DialogSemi. Te lo cuento ‚¨áÔ∏è  https://t.co/c2QL9xIfJp
2018-10-11 16:08:59,josera1423,@SamsungEspana Parece una competencia entre @Apple @HuaweiMobileESP y @SamsungMobile para ver quien le pone mas chingaderas en la parte trasera a sus tel√©fonos
2018-10-11 16:08:47,CarlsDaniel507,"Un d√≠a caminando por Nueva York por coincidencia nos encontramos este √≠cono de la Manhattan, mas de 500k personas transitan por d√≠as en el Grand Station de New York. . . #TBT . . @yaniisaza como llegamos all√≠? Y quedamos comprando vainas en @apple üòÇüòÇü§£ https://t.co/OXH1FbmmCp https://t.co/NHsTUAxgo8"
2018-10-11 16:08:31,SamuCastro1425,"@mrodriguezott @FlashPCT @Apple Seg√∫n dice Miguel el tiene ya instalado el iOS 12.1 y le va exactamente igual no ve mejor√≠a , algo que decir @FlashPCT"
2018-10-11 16:07:05,Merca20,¬øC√≥mo es que #Transsion hace de su marca #Tecno un l√≠der por encima de gigantes como @Apple y @SamsungMobile?   https://t.co/x3BptPCJEy
2018-10-11 15:47:16,nicolaslh98,En menos de dos meses de tener este Iphone. Gracias @Apple https://t.co/LQ9RsQLMi0
2018-10-11 15:44:56,ChickenShowMx,#Tecnologia @Apple quiere que vayas con profesionales o te bloquean. üíª  Nota: https://t.co/fgNi5LVeTT
2018-10-11 15:36:39,MarioLongV,"@AppleMxico  @Apple @AppleSupport necesito ayuda con mi Apple ID ‚Äúurgente‚Äù si aplicaci√≥n es in√∫til y sus soluciones tambi√©n, no me deja llamar a nadie por mi localizaci√≥n, por favor ay√∫denme"
2018-10-11 15:35:48,nachMexiko,"Espero un iPad Pro 2018 de 50 mil pesos mexicanos ($1,850.00 USD) @Apple @cultofmac @9to5mac @parentesis @CharlyPi @XatakaMexico @sopitas @El_Universal_Mx"
2018-10-11 15:32:25,mariacalvoglz,@Apple Cuando llega el iwatch 4 a Mexico ???
2018-10-11 15:29:19,tateialejnm,¬øPrimero los cables y ahora aud√≠fonos? @apple deber√≠a vender cosas de mejor calidad con esos precios üòí
2018-10-11 15:24:20,CertidealES,@shakesporrillo @Apple Tambi√©n puedes comprar uno de segunda mano ;)
2018-10-11 15:09:05,Sandylectora,Definitivamente @SamsungMobile lo volvi√≥ a hacer... Hasta a un lado @Apple https://t.co/EFKaW1HVFU
2018-10-11 15:05:25,AyrtonPr,No saben que m√°s hacer para superar a @Apple https://t.co/AgV0UGg8sn
2018-10-11 15:04:02,jsanxchez,"@elcorteingles @Apple No tienen stock y siguen vendi√©ndolos , desde el 27 de septiembre pedido , primero que el 12/10 y despu√©s que se retrasan hasta el 26/10. Un desastre de empresa en canal online."
2018-10-11 14:58:41,franlgalluzzo,"Sobre la evoluci√≥n del sector Tecnolog√≠a: cuando corrigen las FAANG (@facebook, @amazon , @Apple , @netflix y @Google ), tambi√©n lo hace el @Nasdaq 100. El √≠ndice que recoge le evoluci√≥n de estas cinco compa√±√≠as ha perdido la resistencia que ten√≠a en la media m√≥vil de 200 d√≠as. https://t.co/MVmYmQwN7t"
2018-10-11 14:56:39,GMZ99915930,"#M√°quinadelTiempoLl√©vame a cuando @SamsungMobile le copiaba a @apple y no a @HuaweiMobile, es una asquerosidad ese #GalaxyA9 üòî"
2018-10-11 14:45:33,MatiasCamara97,"Pasa que todav√≠a no tiene ruedas mi iPhone, media pila @Apple https://t.co/KZCRtErzHV"
2018-10-11 14:37:57,Taniacucurull,@Apple No hace falta que os deis tanta prisa en las actualizaciones de software que no me da tiempo a comprobar si tiene errores porque gracias a vosotros no paro de actualizarlo.
2018-10-11 14:35:22,xMariio_,"@Apple C√≥mo voy a comprar semejante aparato por 1500 euros...a no ser..que me regaleis 1, ah√≠ la cosa cambia"
2018-10-11 14:30:37,vivianagalindo,ahi cuando quieras @Apple en traer el nuevo iwatch a Mexico!
2018-10-11 14:30:18,dombiezuch,@SamsungMobile ya se mamo con el #A9 y sus 4 c√°maras. Ya vi a @Apple el pr√≥ximo a√±o sacando un iPhone que sea m√°s c√°mara profesional que celular jajaja. Como el cel de @Kodak ese est√° hermoso üíõ‚ù§Ô∏è. https://t.co/IKbbBMnvkx
2018-10-11 14:28:49,MartaXff,"@Apple ¬øpodr√≠as dejar de aparecer? Ya s√© que soy pobre, no hace falta que me lo recuerdes a diario -.- https://t.co/DzJHxx0U2v"
2018-10-11 14:05:23,chisp7,@Omarpy202 A @Apple no gustar esto jajajaj in your face #timcook
2018-10-11 14:03:26,apradoc,"Cada vez con @Apple es ...""m√°s dif√≠cil para los usuarios de Mac arreglar sus dispositivos en casa o en un proveedor no autorizado"" ¬øComprar√≠as un equipo inform√°tico que no te permita cambiarle ""Ni el teclado""? üôÑ#ObsolescenciaProgramada #ObsolescenciaEcon√≥mica https://t.co/FBymrNsXG4"
2018-10-11 14:02:25,Eduardodezuniga,"Una duda. Partimos de la base que @Apple es una de las mejores empreses de la historia por m√∫ltiples razones. Se√±ores de Apple. ¬øEs tan dif√≠cil introducir nuevos tonos en sus sistemas operativos? ¬øTAN DIF√çCIL ES, JODER? Gracias por considerar una solicitud tan demandada."
2018-10-11 13:50:04,mismatso,"La compa√±√≠a @Apple ha incorporado en todos los dispositivos que incorporen el¬†chip T2¬†‚Äîcomo los¬†iMac Pro¬†y los¬†MacBook Pros¬†de 2018‚Äî, un mecanismo para que queden inutilizables si son reparados por terceros.  https://t.co/zzQHAIXNdc https://t.co/Ts5sbaLMRi"
2018-10-11 13:49:52,ElvisTavarez04,"Como matas un producto, con otro producto, eso hizo @apple con el XR @MARCIANOPHONE @ProfeJuANTONIO @Apple5x1"
2018-10-11 13:49:40,chillThewar,Tengan cuidado con esta p√°gina que est√°n mandando a los correos es un enga√±o @Apple https://t.co/vBJhTjXMBs
2018-10-11 13:38:13,ProyectosEspe,"Conozca la nueva sede de @Apple #AppleCampus2, ubicado en Cupertino, California, Estados Unidos. Tiene una estructura en forma de nave espacial, con 260.000 metros cuadrados https://t.co/AF0Fb7NOpF"
2018-10-11 13:33:14,SamuCastro1425,@FlashPCT @mrodriguezott @Apple Te haremos caso !!
2018-10-11 13:32:06,FlashPCT,@SamuCastro1425 @mrodriguezott @Apple Solo conf√≠en
2018-10-11 13:31:59,mrodriguezott,@SamuCastro1425 @FlashPCT @Apple Yo tambien y bueno con el 12 es una miiierda jajajajaj
2018-10-11 13:31:48,SamuCastro1425,@mrodriguezott @FlashPCT @Apple A ti tambi√©n te gasta bater√≠a incluso con el modo ahorro puesto ??
2018-10-11 13:31:21,SamuCastro1425,"@FlashPCT @mrodriguezott @Apple Eso espero , por que es una pena que tenga muchas opciones desactivadas importantes del iPhone todo por ahorrar bater√≠a ."
2018-10-11 13:31:06,mrodriguezott,@FlashPCT @SamuCastro1425 @Apple Algun dia jaja
2018-10-11 13:30:27,FlashPCT,@SamuCastro1425 @mrodriguezott @Apple iOS 12 se enfoca mucho a la estabilidad. Ya viene lo mejor
2018-10-11 13:28:21,SamuCastro1425,@FlashPCT @mrodriguezott @Apple Confiamos ! Pero yo llevo as√≠ desde que sali√≥ iOS 11 . Con iOS 10 esto no pasaba ! @Apple
2018-10-11 13:27:13,FlashPCT,@mrodriguezott @SamuCastro1425 @Apple De acuerdo. Solo sean pacientes ante el pr√≥ximo Update. Conf√≠en en Apple
2018-10-11 13:26:01,JM_garcia4,"Valiente mierda el soporte tecnico de @Apple Llevo un mes sin un movil el cual estoy pagando, lo enviado dos veces y siguen sin corregirme el fallo! Me informare y pondre las quejas oportunas @AppleSupport"
2018-10-11 13:25:23,SamuCastro1425,@FlashPCT @mrodriguezott @Apple Ok gracias
2018-10-11 13:25:23,mrodriguezott,"@SamuCastro1425 @FlashPCT @Apple Pero como dice el tiene 96 de salud y aun asi, igual con ios 11.4.1 me va mejor que con el 12. Con esa nueva update es beneficioso para el 5s y 6"
2018-10-11 13:24:59,FlashPCT,@SamuCastro1425 @mrodriguezott @Apple Fin de mes aproximadamente
2018-10-11 13:24:27,SamuCastro1425,@FlashPCT @mrodriguezott @Apple Cuando saldr√° iOS 12.1 ?
2018-10-11 13:23:51,FlashPCT,@SamuCastro1425 @mrodriguezott @Apple Si lo s√©. Preguntaba al Se√±or Rodr√≠guez
2018-10-11 13:23:18,SamuCastro1425,"@FlashPCT @mrodriguezott @Apple No , nuevo en un rosellimac ac√° en mi cuidad"
2018-10-11 13:22:52,FlashPCT,@mrodriguezott @SamuCastro1425 @Apple Lo compro usado ?
2018-10-11 13:22:19,mrodriguezott,@FlashPCT @SamuCastro1425 @Apple Si normal porlas no gaste 1800 soles x un 7 plus de 128
2018-10-11 13:21:33,FlashPCT,@SamuCastro1425 @mrodriguezott @Apple Espere Porfavor. No cometa el error de cambiarse a Android
2018-10-11 13:21:16,FlashPCT,@SamuCastro1425 @mrodriguezott @Apple Bastante. Tenga paciencia y use su iPhone en modo ahorro de energ√≠a
2018-10-11 13:20:16,SamuCastro1425,"@mrodriguezott @FlashPCT @Apple Solo tenemos dos opciones . O esperar , o volver a android jajajajaj"
2018-10-11 13:19:31,SamuCastro1425,@FlashPCT @mrodriguezott @Apple Crees que iOS 12.1 mejorar√° rendimiento y bater√≠a ?
2018-10-11 13:19:06,mrodriguezott,@SamuCastro1425 @FlashPCT @Apple Pero que podemos hacer ahora peor esta el 12 jajaja sera fluido pero mas bateria jajja
2018-10-11 13:19:05,FlashPCT,@SamuCastro1425 @mrodriguezott @Apple De acuerdo. Espere un poco a iOS 12.1 que promete cambios dr√°sticos en estabilidad
2018-10-11 13:18:31,SamuCastro1425,@mrodriguezott @FlashPCT @Apple Yo pienso que iOS 11 es igual que peor jajajaja
2018-10-11 13:18:06,SamuCastro1425,"@FlashPCT @mrodriguezott @Apple Lo tengo instalada ahora mismo a la √∫ltima versi√≥n iOS 12.0.1 , el tel√©fono es totalmente nuevo entregado por Apple . No tiene problemas de bater√≠a y todo funciona a la perfecci√≥n. Espero que con pr√≥ximas actualizaciones mejore. Un saludo"
2018-10-11 13:17:53,mrodriguezott,"@FlashPCT @SamuCastro1425 @Apple Noooo, estoy bien con 11.4.1 cuando hayas mejoras lo vere x tu canal es como la 11.4 la bateria drenaba horrible"
2018-10-11 13:17:51,FlashPCT,@mrodriguezott @SamuCastro1425 @Apple Puede hacerle un chequeo se√±or Rodr√≠guez en un Apple Store o iShop. Puede que la bater√≠a tenga un inconveniente
2018-10-11 13:16:31,FlashPCT,@SamuCastro1425 @mrodriguezott @Apple Entiendo. Haber mmm... si el problema persiste no puedo descartar un problema en la bater√≠a por f√°brica as√≠ que puede considerar llevarlo al Apple Store o iShop. Adem√°s le pido que nuevamente restaure su iPhone por iTunes a la √∫ltima versi√≥n
2018-10-11 13:14:56,bernarditaMhz,Tambi√©n me cans√© de tener @Apple y me hace demasiada ilusi√≥n tener un @HuaweiMobileCL pero al parecer saldr√° el #HUAWEIMate20 que destronar√° completamente al #iPhone as√≠ que....esperar√© üòè
2018-10-11 13:13:51,SamuCastro1425,@mrodriguezott @FlashPCT @Apple Notas que te baja el porcentaje de la bater√≠a de forma considerada mientras usas el tel√©fono .?
2018-10-11 13:13:06,mrodriguezott,@FlashPCT @SamuCastro1425 @Apple Baje la actualizaci√≥n por https://t.co/vUpvpiFt0i e hice una instalaci√≥n limpia y aun asi ü§î
2018-10-11 13:12:54,SamuCastro1425,@FlashPCT @mrodriguezott @Apple Febrero 2018
2018-10-11 13:12:24,FlashPCT,@SamuCastro1425 @mrodriguezott @Apple Cuantos a√±os tiene el Tel√©fono ?
2018-10-11 13:11:31,SamuCastro1425,"@FlashPCT @mrodriguezott @Apple Restaure el tel√©fono por iTunes , a los valores de f√°brica y como nuevo iPhone"
2018-10-11 13:10:45,FlashPCT,@SamuCastro1425 @mrodriguezott @Apple Le har√© una pregunta. Actualizo por iTunes o por el iPhone
2018-10-11 13:10:11,SamuCastro1425,@FlashPCT @mrodriguezott @Apple Pero y yo con un 95% ??? Jajajaja
2018-10-11 13:09:30,SamuCastro1425,"@mrodriguezott @FlashPCT @Apple Pues imag√≠nate yo con un 96% de su capacidad, de locos !!!! @Apple"
2018-10-11 13:08:59,FlashPCT,@mrodriguezott @SamuCastro1425 @Apple Tener un desgaste del 86% es algo considerable t√©ngalo en cuenta.
2018-10-11 13:07:03,mrodriguezott,@FlashPCT @SamuCastro1425 @Apple Mi amigo lo tiene y dice que esta igual y eso que tiene salud %86
2018-10-11 13:05:33,FlashPCT,@SamuCastro1425 @mrodriguezott @Apple iOS 12.0.1 corrije el problema de p√©rdida de bater√≠a. Pruebe con subir a la versi√≥n. No est√© en una beta
2018-10-11 13:04:44,ferlajara,@SamuCastro1425 @Fernando5x1 @Apple Yo incluso hice cambio de bater√≠a y me duraba bien con ios 11. Pero ahora muy mal.
2018-10-11 13:01:10,yuliLa05,Por eso son multimillonarios @Apple ü§ëü§ëü§ë https://t.co/I9qZKHqfWA
2018-10-11 12:40:32,diariosevilla,.@Apple  invierte 520 millones en el fabricante europeo de microprocesadores Dialog (@Dialogsemi) https://t.co/g34d6oDvko
2018-10-11 12:37:39,RogersBagginses,Pinche @Apple de mierda de nada sirven las putas alarmas de sus dispositivos si no van a sonar cuando tienen que sonar. üñïüèªüñïüèªüñïüèª
2018-10-11 12:37:04,josemmc95,@norcoreano Mira @Apple lo que ha conseguido ü§£ü§£ü§£
2018-10-11 12:24:18,alejandrosantos,Con @DinamoPodcast de @Hipertextual he vuelto a engancharme a los podcasts. El √∫ltimo disponible es una hora muy personal de @earcos con mucho @Apple por supuesto https://t.co/oENPXcnetp
2018-10-11 12:15:07,infogatecl,"#TECNOLOGIA: Los #AirPods de #Apple ser√°n tu aliado a la hora de hacer #deporte. Son anat√≥micos, livianos y brindan un sonido de alta fidelidad. https://t.co/mLIdG10VPz @Apple https://t.co/DfC543fC7G"
2018-10-11 12:08:43,SergiCG10,@Apple ¬øY para cu√°ndo el nuevo IPad Pro 2018 (o equivalente)? Ya va siendo hora #IPadPro #IPad #IPadPro2018 #IPadPro2018Fall
2018-10-11 11:51:12,SamuCastro1425,"@ferlajara @Fernando5x1 @Apple Yo tengo un iPhone 7 con menos de un a√±o y ya te digo la bater√≠a no me dura nada , tengo muchas opciones desactivadas con el fin de poder ahorrar algo y el modo ahorro activado. @Apple"
2018-10-11 11:48:38,AlbertoSxenick,"Los tel√©fonos m√≥viles de los menores deber√≠an tener tb clave para poder apagarlos, modo avi√≥n etc. Al menos dos.  @Apple  Por seguridad. Por ejemplo para evitar robos. https://t.co/r7346pTmtI"
2018-10-11 11:44:53,ferlajara,"@SamuCastro1425 @Fernando5x1 @Apple Qu√© m√≥vil tienes? Yo un 7 y un 8, y me dura mucho menos que antes. Pero de esto no interesa hablar. Solo somos consumistas. Verdad? @Apple"
2018-10-11 11:00:28,cadenapolitica,Algunos contenidos originales de Apple podr√°n ser gratuitos si tienes sus productos  #CadenaTech #Starz #HBO @Apple  https://t.co/J8oF6K5lj3
2018-10-11 10:53:41,AlbertoBernalLe,"En su opini√≥n, que @Apple saque un modelo de celular nuevo a la venta cada seis meses es:"
2018-10-11 10:47:03,cavalleto,@izuzquiza @ApplePodcasts @nwquah @Apple @appleinsider @businessinsider En iTunes en Espa√±a tambi√©n pasan cosas muy raras... https://t.co/KqzEjZ6Vvl
2018-10-11 10:38:03,izuzquiza,"Sobre la manipulaci√≥n de los rankings de @ApplePodcasts: ¬øQu√© est√° ocurriendo?, pregunta @NWQuah: https://t.co/zoLFoy5GNC @Apple est√° al tanto, comenta @AppleInsider: https://t.co/Q29U0sdCye Parece que lo han solucionado, seg√∫n @BusinessInsider: https://t.co/jItH6ScbXB"
2018-10-11 10:08:24,rikeivissa,"@Apple Yo si acaso ya me espero al iPhone XS's Max turbointercooler, con  carburador de competi y cromenauer que vais a sacar dentro de 4 meses a 1300 ‚Ç¨.  #TodaUnaGanga #Tru√±o üí© #Postureo #Estupidez"
2018-10-11 10:07:23,SamuCastro1425,@mrodriguezott @FlashPCT O @Apple soluci√≥na el tema de p√©rdida de bateria descomunal en iOS 12 o muchos usuarios incluido yo no tendremos m√°s remedio que volver a android . Es una aut√©ntica locura lo que gasta bater√≠a esta actualizaci√≥n.
2018-10-11 10:01:00,SamuCastro1425,"@ferlajara @Fernando5x1 He actualizado a iOS 12.0.1 y es una locura t√≠o , me dura la bater√≠a nada de tiempo se va volando ... te pasa lo mismo ? @Apple solucionad este problema ya !!!!!!"
2018-10-11 09:53:09,DaniBarca,"Si @Apple llega a hacer esta mierda, la que se l√≠a. #samsunggalaxya9 https://t.co/LNFULvCHMy via @xataka"
2018-10-11 09:12:23,rmcgaditalan,@Apple Bienvenidos?!?!? Sois los √∫ltimos en llegar...
2018-10-11 09:04:37,alberto_plaza,Oye @Apple vuestra aplicaci√≥n del tiempo es como si te encontraras a Roberto Brasero desnudo en el metro a las 5 de la ma√±ana de un s√°bado y le preguntaras por el tiempo de la semana que viene.
2018-10-11 08:53:20,Prf_JMoriarty,"Ideas para el pr√≥ximo Iphone, @Apple https://t.co/NDjfItlBOq"
2018-10-11 07:19:21,CesarPilier,@Apple Pronto ya üòÅ.
2018-10-11 07:15:13,tragaluzmobilia,"Pacific Chair de @vitra, una silla dise√±ada para la sede central de @Apple en California y que desde hace un a√±o ya est√° disponible para todo el Mundo https://t.co/MXmQQPJbEO #decoraci√≥ndeoficinas https://t.co/TZGfRid8Pj"
2018-10-11 06:27:46,bittin,.. @Apple iOS 12.1.1 Beta https://t.co/8jPRD8QUkg
2018-10-11 06:00:23,sandranellyhm,@Apple Estoy tan arrepentida de haber adquirido Apple Watch serie 3 ya que afecto a mi l√≠nea de @telcel y a 3 meses no me dan una soluci√≥n no se que ya hacer porque sigo pago algo que no me funciona
2018-10-11 05:43:43,acuteovni,@Apple combinen estos emojis üèä‚Äç‚ôÇÔ∏èüåä
2018-10-11 05:08:43,ricardohcasco,¬°¬øAlguien que sepa el porqu√© ya no enciende?! De la nada se apag√≥; no se cay√≥ ni se moj√≥. (Si ten√≠a bater√≠a/ ya la puse a cargar/ ya hice el reseteo) @Apple https://t.co/NLquMxoCfg
2018-10-11 04:49:42,marcelohiarmes,@jay3_1416 @Apple @odtmqz @Marthaawong JAJAAJAJAJJAJA N
2018-10-11 04:39:54,LaMeraV3rsh,"Y luego @AppleMusicES @Apple Me hicieron el cobro de ‚ÄúMUSIC‚Äù el plan familiar y aparte un cobro extra de $18 pesos eso a qu√© se debe o qu√© pasa aqu√≠. Cada mes es lo mismo, que l plan se supone que es de $149 pesos estoy considerando cambiarme a @SpotifyMexico"
2018-10-11 04:38:59,Ana_luciabg,"@marcoorob @Apple Jahaj pero mas , ricaila yy flaca, ya te viii, un 10 que barbaro jaj"
2018-10-11 04:38:07,sidney_capelupo,@presMedina @Apple Menos mal.
2018-10-11 04:35:28,marcoorob,@Ana_luciabg @Apple Jajajajajaja amistad si ya eres üíÅüèª‚Äç‚ôÇÔ∏èüíÅüèº‚Äç‚ôÄÔ∏è
2018-10-11 04:34:00,Daniel92683892,@farrar2212 @Apple No salgo m√°s gorda los viernes
2018-10-11 04:31:43,farrar2212,@Daniel92683892 @Apple √âl viernes!!!!
2018-10-11 04:30:26,r2d2_jrz,@rodolfoliconv @Apple La verdad si
2018-10-11 04:30:06,Daniel92683892,@farrar2212 @Apple Jajajajaja siempre firme este s√°bado igual che y sale comida???
2018-10-11 04:29:27,Ana_luciabg,"@marcoorob @Apple Asi espero ser de ricaila, ah se me olvido mi carro, chinguesu me compro otro jaja"
2018-10-11 04:29:01,farrar2212,@Daniel92683892 @Apple Vos ya sos parte de la decoraci√≥n de apple amigo üòÇüòÇüòÇüòÇ
2018-10-11 04:26:41,Daniel92683892,Ah...listooo de una estaremos üòéüòéüçæüçæüçæüçæüçæüçæ@apple.. https://t.co/aYHKWfdZUg
2018-10-11 04:05:00,pamelac_a2,@valeriac_a @UPSMexico @Apple Ni era tuyo pero a todos nos doli√≥
2018-10-11 04:01:00,iaru_ortigoza,se me cayo el cel y mi pantasha tiene una rasha PERO EL VIDRIO TA BIEN NO ENTIENDO @Apple HELP MEEEE
2018-10-11 03:54:05,rodolfoliconv,La neta es una chulada traer #CarPlay de @Apple https://t.co/QQZdnwolbH
2018-10-11 03:30:16,teresagarzaa,Ojal√° en el pr√≥ximo update del iOS exista nuestro Animoji en el teclado para poder ponerlo en todas partes @apple take note pls.
2018-10-11 03:29:45,saulluxor22,"@Apple tiene un serio problema con el almacenamiento, no se como pero se est√°n quedando con 25gb de almacenamiento de 64 que son por la cara. Preferir√≠a que en vez de 64 a cara de perro,te pusieran 64+25 que te van a coger para las actualizaciones #mediotimo https://t.co/LQ6gslaAcI"
2018-10-11 03:20:31,sagopro,@casidoctoraC En iOS las Live Photo‚Äôs los hacen... üòâ@Apple
2018-10-11 03:18:19,AnavCo,@valeriac_a @UPSMexico @Apple Lo compraste directo en Apple???? Que mal pex
2018-10-11 03:09:19,eitmediaglobal,Nokia quiere desbancar a Apple en M√©xico @Apple  https://t.co/iVL2lCOBGm https://t.co/Y6JZUffx0c
2018-10-11 03:05:12,diana_bonilla,@abraham_persan @Karenaracelimor @Apple Ayyyyy dio‚Äô jajaja
2018-10-11 03:03:41,OSainz_,"No cierto, @Apple. ü§≠"
2018-10-11 03:01:52,Leolucenad,Gracias @apple por estos JAMS üî•üòõüíÄ https://t.co/vQHm1fX9Ls
2018-10-11 02:42:14,Mia_2513x,no salt emoji?!?! @Apple
2018-10-11 02:37:35,marcoorob,@rich_ang8 @Apple No en efectivo ü§£
2018-10-11 02:28:00,XipitoM,"Agradescan que yo les voy a dar mucha plata al pais cuando Apple me pague, ya habl√≥ un abogado con migo y me mand√≥ una carta @Apple #SoyDios #ApplePaga #GraciasMami https://t.co/xvmMezs3Cn"
2018-10-11 02:25:03,oshlerplusmore,"Despu√©s de instalar Mojave, no puedo acceder a mi sesi√≥n. Gracias por el mal d√≠a @apple y los que faltan. https://t.co/vev76Qqd0p"
2018-10-11 02:17:09,sebara13,"@Apple activame los emojis para los norte√±os, est√°n bien perros."
2018-10-11 01:48:00,El_Semanario,Nueva evidencia compartida por expertos en seguridad confirma el #hackeo sufrido por @Apple y @amazon por parte de ciberdelincuentes chinos. Las firmas lo niegan https://t.co/UKPEKYFlLd
2018-10-11 01:43:18,FranciscoCasso,"@Apple Esta carisimo, que locura."
2018-10-11 01:35:34,SgamezL,"@GuilloEscalante @Samsung @SamsungCO Cuando @Apple incursion√≥ quit√°ndolo en el iPhone 7, fue una burla.... Ya ahora @Samsung lo hace.. Acert√≥ o no acert√≥ @apple?"
2018-10-11 01:30:58,iMamon_,Te presentamos el nuevo #IphoneXXXLLL #AppleEvent @Apple https://t.co/OaHqzve8P8
2018-10-11 01:27:40,2xjaime,@iShop_Mixup @Apple @AppleSupport @TechPeopleMex Casi un mes con este tema üò™
2018-10-11 01:14:24,mandarinaa1968,@SoyEntrepreneur @Apple Ahora resulta! No cabe duda que Apple ve a los clientes totalmente con sigo de $$$$$$$
2018-10-11 01:12:20,marcoorob,Entre a la @Apple a preguntar por el iPad hubiera aprovechado haber comprado los AirPods por qu√© se me olvidaron mis aud√≠fonos ü§£ü§£
2018-10-11 01:02:27,fuckquebec,PARA CUANDO SUPER SMASH BROS PARA IPHONE @Apple @AppStoreES @Nintendo ?????‚ùì‚ùì
2018-10-11 00:58:41,camiloathem,C√≥mo le puedo decir a @Apple que no me gust√≥ la interfaz de fotos de icloud de iOS 12? Era mejor la anterior
2018-10-11 00:55:21,Brakas_Koston,Amigooooos me acabo de dar cuenta que hemos vivido sin algo indispensable en nuestras vida            EL EMOJI DE MANGO  OJO AQU√ç @Apple @MSFTMexico @samsungmobilemx
2018-10-11 00:35:00,JulioDlg10,"@SoyEntrepreneur @Apple que reverenda mamada, bueno entonces que ahora abran programas de capacitaci√≥n para t√©cnicos particulares"
2018-10-11 00:34:47,JonathanSegov15,@natyarce10 @Apple Qu√© pas√≥ pues
2018-10-11 00:31:11,alexsalass,@valeriac_a @UPSMexico @Apple No mamesü§¶üèª‚Äç‚ôÇÔ∏è
2018-10-11 00:30:05,SoyEntrepreneur,#TomaNota  @Apple ya no te dejar√° reparar tu Mac por tu cuenta üò§  https://t.co/l7lj2wirMC https://t.co/y7lbWbIEOX
2018-10-11 00:24:34,cutiepiemumu,"@Jeff__Benjamin @Apple @AppleMusic @NCTsmtown_127 pa' cuando los entrevistas,mijo?"
2018-10-11 00:23:38,natyarce10,Maldito @Apple ü§¨üò°üò°
2018-10-11 00:18:33,ZampiniMarrrOk,POR FAVORRRRRRR @Apple https://t.co/nqrNd8Biet
2018-10-11 00:03:06,tavodecoronado,@vampipe Creo qu√© @apple tiene un programa de reemplazo de bater√≠as de iPhone https://t.co/QdsRyCmQX0
2018-10-10 23:58:31,vanesa_tc,"@Apple Tengo un IPhone 7, y con los que han sacado ya, me da la sensaci√≥n que tengo un alcatel one touch. ü§¶üèª‚Äç‚ôÄÔ∏èüôÑ"
2018-10-10 23:47:48,valeriac_a,Como cuando en @UPSMexico te roban tu iphone nuevo y @apple determina en su investigaci√≥n que no hay reembolso ni reemplazo y no te da detalles de cierta investigaci√≥n. Ahora nadie se quiere hacer cargo ..
2018-10-10 23:39:20,abraham_persan,@Karenaracelimor @Apple Jajajajajajaja te paaaasaaas
2018-10-10 23:38:52,Karenaracelimor,"""Mira amor estoy en una pl√°tica de la universidad"" ""Mira amor estoy en un simulacro de la universidad"" ""Mira amor qu√© padre se ve la iglesia"" -Abraham descubre que la c√°mara de su nuevo iphone es una maravilla  #det√©nganlo @Apple  üòÇüòÇ"
2018-10-10 23:33:02,aiween_official,¬øSab√≠as que @Apple aument√≥ la capacidad de procesamiento de los tel√©fonos m√≥viles para realizar cinco billones de operaciones por segundo? https://t.co/T7EhciAfAl #tecnolog√≠a #apple #software https://t.co/UWEmqAw4CO
2018-10-10 23:28:39,Sandriux26,@Apple y su maldicion de los aud√≠fonos inc√≥modamente dolorosos y sus cables del diabloüö´
2018-10-10 23:20:28,JCesarRuiz,"@vampipe @vampipe Por que no les preguntas a @Apple Jajaja, est√° dando a luz al Xs Max!!!"
2018-10-10 23:04:34,Ferniprrra,Muy mal no poder escuchar m√∫sica y cargar el celular al mismo tiempoüò°üò°üò° @apple
2018-10-10 22:51:55,YoSoiTuLSR,#YoSoiTu El contenido streaming de @Apple ser√° gratis para usuarios de sus productos https://t.co/j1o5j8AtnA https://t.co/LpbCrXKqgF
2018-10-10 22:48:39,criiistn,@TopesdGama En el modo retrato se come a @apple
2018-10-10 22:44:58,AaronGonco,"Hola @Apple, @iShop_Mixup tengo un inconveniente con la duraci√≥n de bater√≠a del  iPhone XS, al momento de comprarlo me mencionaron que las duraciones de la bater√≠a ser√≠a de hasta 20 hrs, lamentablemente la duraci√≥n de bater√≠a de mi equipo solo es de 10 hrs, ¬øque puedo hacer? https://t.co/vjv7eBtZOI"
2018-10-10 22:37:21,ikniuhtli6,@Danielavglz @AppleSupport @Apple @AppleMusicES üôè saludos
2018-10-10 22:36:05,Danielavglz,@ikniuhtli6 @AppleSupport @Apple @AppleMusicES GRACIAS DTB
2018-10-10 22:34:12,santiagolopez72,"@MicaelaElPez @madebygoogle @Apple Creo que deber√≠as hacerlo, ya no tiene el componente principal que era la accesibilidad, hoy es otro cell supra valorado"
2018-10-10 22:29:38,Danielavglz,Ayuda @AppleSupport @Apple @AppleMusicES
2018-10-10 22:29:20,unimilenium,"Una cita del fundador de @apple . ¬°Estudia con nosotros, te esperamos! Inscripciones abiertas en Tehuac√°n, Puebla. #SoyUniMilenium #Universidades #EducacionSuperior #Maestrias #Posgrados #Licenciaturas #Educaci√≥n #Puebla #M√©xico #Neuromarketing https://t.co/bvSLv9EgPG"
2018-10-10 22:16:45,goshtsziam,@Apple Liam le quiere hacer competencia al rubius regalando cosas para patrocinarlos?
2018-10-10 22:14:04,Mendezedu,Estoy odiando el nuevo macOS Mojave. Vive reinici√°ndose üò≥üî´@Apple @AppleMxico
2018-10-10 22:13:46,robertobarquin,"Una tristeza lo que est√° haciendo #TimCook con .@Apple  Pareciera que solo quiere arrancarte la mayor cantidad de billetes, si por alguna raz√≥n quieres ser fiel a #iPhone. Ya de forzarte a reparar tu #MacBookPRO con ellos mejor ni hablamos.  #WorstCEOever  https://t.co/3DtQEZA3Zi"
2018-10-10 22:10:33,BHeredia31,@humbert110513 @Apple Y coppel  y elektra se los mete a la gente pobre en 45 y 50 mil pesos en pagos chikitos ü§£ü§£ü§£ü§£
2018-10-10 22:06:53,BHeredia31,@Apple Para un pais como M√©xico y america latina  una mentada de madre que sus equipos anden hasta en 35 mil pesos y en dos a√±os ya seran obsoletos  es la politica de apple meterles al poco tiempo software que los hace lentos y a comprar otro equipo picaros y fraudulentos los de apple
2018-10-10 21:59:42,Melaniie75,"A todo esto, mi cumple es en 20 d√≠as.  @Apple üíô"
2018-10-10 21:56:21,WiccaMoore08,"@Apple En enero te tendr√©, beb√© :("
2018-10-10 21:55:39,ignaciobxrro,@kevinlazzo @Apple casi se lo digo pero me iban a linchar
2018-10-10 21:36:38,omargcasanova,No puede ser que siga fallando whats @WhatsApp @Apple son una mierda
2018-10-10 21:31:45,kevinlazzo,@ignaciobxrro @Apple nunca tuvo uno la seca de mierda por eso lo dice jajajajajaja
2018-10-10 21:24:45,Chris_Yojimbo,"@Apple... ¬øCu√°ndo dejaste de lado al funcionalidad por el dise√±o? Jonathan Ive, pasa la estafeta a otra persona experta en UX."
2018-10-10 21:21:04,soyunseatibiza,Que no os voy a comprar el puto m√≥vil hostia @Apple https://t.co/MqWW5q4Ge2
2018-10-10 21:16:03,baticeering,.@Apple donde esta el emoji de naruto?????
2018-10-10 20:53:28,alvarojimeno11,@javierbelinch0n @Apple Eres un cerdo Javier
2018-10-10 20:52:05,javierbelinch0n,@alvarojimeno11 @Apple Que te como los huevos
2018-10-10 20:44:23,josera1423,@Apple Dicen que su software y su bater√≠a valen pa pura verga
2018-10-10 20:44:01,jm22381,"Esto es lo que hace Spektral , la √∫ltima compa√±√≠a adquirida por @Apple para que vayan imaginando lo que har√° el iPhone de 2019 https://t.co/hU5tY7v9w1 #tech #MachineLearning #AI #chromakey @tjh84"
2018-10-10 20:38:20,edgarkrrillo,Es en serio @Apple? Ya no encuentro fundas para iPhone X!! üòû
2018-10-10 20:34:16,alvarojimeno11,@javierbelinch0n @Apple Significa que me vas a clavar el visto? https://t.co/SIbrpbXjS0
2018-10-10 20:32:46,richidyn,@Apple ¬øNo veis algo raro en la imagen de la derecha? Y quiz√° me dejo algo con la de la izquierda. https://t.co/ahorD7jr0T
2018-10-10 20:32:29,javierbelinch0n,Gracias @Apple https://t.co/pV5RiDJ1B4
2018-10-10 20:21:05,MiriamCainzos_,"@Apple algunas notificaciones de whatsapp se quedan en la barra de notificaciones y no se van, en mi caso es un mensaje que dice ""ma√±ana hay pr√°cticas"", me ha costado 3 infartos por favor arregladlo se trata de salud"
2018-10-10 20:20:34,AlexdelPaso,@maza_sr @MacStoreMx @Apple No sea metiche cabron! Por cierto mismo servicio que iba tardar 3-5 d√≠as en la Macstore y 15 mil pesos; me lo hicieron en una hora y por menos de la mitad! Y funcionando perfecto mi MacBook! ‚ÄúGran servicio‚Äù de las Macstore ! Muy acorde al precio de los productos !
2018-10-10 20:17:03,oriol1986,¬øOs he dicho ya que estoy enamorado del Calendario en el modo oscuro de #macOS #Mojave? Pues eso. Gracias @apple ‚ù§Ô∏è‚ù§Ô∏è‚ù§Ô∏è https://t.co/HaD9LHRmFA
2018-10-10 20:11:16,Arquera1942ang1,@Apple me encantan los iPhone
2018-10-10 19:51:24,maza_sr,"@MacStoreMx @AlexdelPaso @Apple Amigos de Mac, no caigan, mi amigo Alejandro se queja de todo todo el tiempo seguro solo quiere cosas gratis!!!!!"
2018-10-10 19:48:31,karlschilv,"@ivantorresmedia @Forbes_Mexico @nokia @NokiaMobile M√°s bien el tweet es ‚ÄúClasista‚Äù y ‚ÄúMalinchista‚Äù. @SamsungMobile ha podido competir contra @Apple por su mejor tecnolog√≠a, al grado que #Apple ya le copia a #Samsung"
2018-10-10 19:39:29,Rafersp,Acabo de experimentar algo y la  respuesta fue muy acertada. Muy bien Siri muy bien @Apple  Hasta ella lo sabe üòÇ https://t.co/geSXSl5xiF
2018-10-10 19:36:10,Topo_Ranger,@as_informatico @Apple Parecen securitas direct...
2018-10-10 19:35:18,scastromolina,"@_EliteNetflix hola!!!! Acabo de empezar a ver la serie, parece estar bien, pero tengo una nota para hacer. Si es pijolandia, donde est√°n los @SamsungMobile, los @Apple o los @bqreaders, @NokiaMobile est√° bien pero no creo que encaje en la serie. Saludos"
2018-10-10 19:29:52,ihellochris,@Abrakhadaver Acabo de mirar en la web de @apple y no encuentro la carcasa con bater√≠a el iPhone Xs ü§¶üèª‚Äç‚ôÇÔ∏è
2018-10-10 19:20:56,as_informatico,"@Apple Habr√© visto ya este anuncio como 30000000 millones de veces cada pocos tuits, de tanto verlo le he cogido un asco bestial a los nuevos terminales de Apple. Os hab√©is pasado de rosca, el exceso de publicidad ejerce el efecto contrario al deseado."
2018-10-10 19:10:10,Felipe80339948,@Apple Llava ya radio FM incorporada?
2018-10-10 19:05:08,kortvex,@borjateran @Apple ¬°PERO LO HAS ENTENDIDO AL REV√âS! Soy el anti influencer XD
2018-10-10 19:00:28,LuisGyG,üíªüòÆ #LoM√°sLe√≠do ¬øYa conoces el nuevo sistema operativo de @Apple para las Macs? Te cuento todo lo que necesitas saber del macOs Mojave.  https://t.co/yAGVBXH15L https://t.co/HgADUxoD5a
2018-10-10 19:00:19,oroD,@borjateran @kortvex @Apple Cu√°l?!
2018-10-10 18:59:16,borjateran,Las stories de @kortvex han hecho que me compre un nuevo juguetito de @Apple Eso s√≠ que es ser un influencer.
2018-10-10 18:56:59,jberlana,"@CarlosBeneyto @Apple A mi me ha ido fin√≠simo el Air, el mejor portatil que he tenido, sin duda. Pero llevan sin actualizarlo desde 2015, no?"
2018-10-10 18:55:45,CarlosBeneyto,@jberlana @Apple Pues me va estupendamente bien la verdad y no me quer√≠a gastar +450‚Ç¨ de la diferencia con el pro. Pero tuve que cambiar forzosamente
2018-10-10 18:36:15,carlos_cinico,"@elcorteingles No os fi√©is mucho. Yo compre a @elcorteingles un @Apple watch. Compromiso de entrega ‚Äúantes del 11 de octubre‚Äù ayer, me retrasan 15 d√≠as el compromiso de entrega, sin m√°s explicaci√≥n ni compensaci√≥n. Lo sienten, y puedo anular pedido. Yo quiero el reloj!"
2018-10-10 18:31:26,WonderSlugg,@Timely91 @Apple Eso har√©. @Apple muchas gracias
2018-10-10 18:29:57,srllama22,@Apple Note 9 es mejor
2018-10-10 18:23:43,Timely91,@WonderSlugg @Apple Les tendr√°s que dar las gracias
2018-10-10 18:21:25,WonderSlugg,@Timely91 @Apple Exacto
2018-10-10 18:20:41,Timely91,"@WonderSlugg @Apple Vaya gracia, tendr√°s que acabar haci√©ndolo no? Porque si no lo tendr√°s de adorno"
2018-10-10 18:18:52,robertobarquin,"Asi trata a sus clientes .@Apple ü§Æ  Como ven #iPhoneX 64Gb de remate en $7,999  Muy probablemente esta siguiendo el camino de #BlackBerry y es tan ciego #TimCook que no se ha dado cuenta."
2018-10-10 18:15:42,Timely91,@WonderSlugg @Apple Supongo que lo tienes lleno de cosas
2018-10-10 18:12:43,jberlana,"@CarlosBeneyto @Apple Comprarse un air en 2018 tiene delito macho... yo acabl de jubilar el mio de 2012, se merece la jubilaci√≥n."
2018-10-10 18:08:16,Timely91,"@WonderSlugg @Apple Son especialitos, parece mentira que no lo sepas a estas alturas eeh xD"
2018-10-10 18:06:41,WonderSlugg,TENER QUE FORMATEAR UN DISCO DURO EXTERNO PARA CAMBIAR EL FORMATO POR QUE MAC NO ACEPTA NTFS PERO POR QUE @APPLE HAC√âIS ESO QUER√âIS MATARME O QUE PASA
2018-10-10 18:05:05,cucu_reloj,@Apple c√≥mo la cagaron con la entrada de los auriculares y cargador igual! No puedo escuchar m√∫sica y cargar el celular al mismo tiempo. Todav√≠a los auriculares inal√°mbricos salen m√°s caro que un celular nuevo!  #apple #iphone
2018-10-10 17:51:56,reportero_rana,@Apple Ese ayuntamiento hay que recordar que huele a podrido
2018-10-10 17:46:00,38consumer,@SamsungMexico  Responde a @Apple a su nueva campa√±a.  https://t.co/R5VaJH2QgE
2018-10-10 17:40:39,Rubieldecuba,@opinatecno @Apple Esa es la Apple que conozco .la que nos da soluciones en lo que canta un gallo...saludos !!!
2018-10-10 17:31:26,L30_AguilarC,"@anavictoriaga iPhone por sobre todo !! Y toda la infraestructura de @Apple hace de mi trabajo y vida m√°s f√°cil,  No me cambiar√≠a por nada !!"
2018-10-10 17:14:20,shakesporrillo,"@Apple Por el precio del iPhone : -te compras una moto de 49cc nueva -por un poco m√°s, un coche de segunda mano - te puedes ir de vacaciones a puntacana,  riviera maya, o donde quieras. -puedes hacer varios pagos de tu hipoteca. - etc. Mejor compraros uno de 200‚Ç¨ y disfrutar el resto.."
2018-10-10 17:13:35,OvejaElectrica_,"@CompaEVLN @backstreetboys @onedirection @Apple No mames. Neta, est√°s argumentando mucha pendejada."
2018-10-10 17:13:13,OvejaElectrica_,"@CompaEVLN @backstreetboys @onedirection @Apple Partamos del principio de que esos grupos que mencionas no tocaban instrumentos ni compon√≠an sus canciones. Bandas como Pink Floyd, el propio Robert Fripp, reconoce la influencia de los Beatles en la m√∫sica y su legado. Decenas de grandes m√∫sicos se formaron escuchando a Beatles."
2018-10-10 17:10:00,Arena_Publica,"Tanto @Apple como @amazon negaron la presencia chips con capacidades de espionaje en las tarjetas madre de sus servidores, citando investigaciones propias. https://t.co/Nf5p95vVc7"
2018-10-10 17:09:02,CompaEVLN,"@OvejaElectrica_ @backstreetboys @onedirection los m√∫sicos de Rock Progresivo, es decir, expertos en la materia ??? un experto en m√∫sica como quien ? tal vez te refieres a expertos en marketing, vendieron muy bien, tanto que su marca fue retomada por @Apple  para seguir vendiendo basura a muy alto precio"
2018-10-10 17:05:55,osfermar0322,Due√±o de #iphone con experiencia de m√°s de 10 a√±os se ofrece de #probador Android... @Apple con los #IPhone se ha subido a la parra y tengo que ver si compensa un modelo similar de @XiaomiEspana @Honor_ES @PocophoneGlobal #medecidoenunmes #calidadprecio ü§∑üèΩ‚Äç‚ôÇÔ∏è #abiertoasugerencias ü§î
2018-10-10 17:03:16,reny98,@jay3_1416 @Apple JAJAJAJAJAJAJAJA
2018-10-10 17:00:56,interbrandMAD,El sector tecnol√≥gico supone m√°s de un tercio del valor total de Best Global Brands. Compa√±√≠as como @Apple o @Google se apoyan en sus marcas para dirigir de forma clara sus acciones e inversiones a futuro: https://t.co/tYEtNu0uoo #BGB2018 #ActivatingBrave https://t.co/36yLMyFq2S
2018-10-10 16:58:05,chaskoberto_tad,@siregabriel @ricardocuenca @Apple A caray eso me interesa!!!
2018-10-10 16:57:29,ItsEdalex,@Apple Pringaos
2018-10-10 16:55:50,g_revi,"¬øAlguien m√°s est√° harto de la cantidad de cables y adaptadores que se necesitan para usar una MacBook? @Apple Y para el celular, o lo cargas o usas aud√≠fonos. Hay algo mal ah√≠ ¬øno?"
2018-10-10 16:53:06,ByFleXx7,@Apple No gracias prefiero el One Plus 6
2018-10-10 16:50:07,conectadosrai,El experto en #gadgets tecnol√≥gicos Pedro Santamar√≠a @cuxtom colaborador de las webs @xataka y @applesfera nos habla del supuesto caso de robo de datos por espionaje industrial de origen chino a grandes compa√±√≠as #TIC como @Apple @Amazon o @Supermicro_SMCI que lo han negado
2018-10-10 16:44:28,Teelker,"@Apple Dejaros de pantallas de mierda, mi pantalla inrrayable est√° rayada.... buscad soluci√≥n a la actualizaci√≥n de iOS que se carga la bater√≠a!!!!!"
2018-10-10 16:36:30,Rpvnhzxl64,@Ser_Jawad @Apple Mira la puntuaci√≥n antutu. De nada.
2018-10-10 16:34:54,AntonioFRojo,"S√∫per arrepentido de haber comprado un MacBook de @Apple , esto es para ricos que no les importe o duela el dinero! Un simple error y se va todo al garete! üòûüòûüòûüòû"
2018-10-10 16:34:28,HuaweiMobileMx,"@michipanero1801 @PuercoMorado @Apple Cada quien es libre de usar el equipo que prefiera, sin embargo, los que saben donde est√° la mejor tecnolog√≠a nos prefieren a nosotros. üòé"
2018-10-10 16:34:17,MacStoreMx,"@AlexdelPaso @Apple Hola Alejandro buen d√≠a, nos puedes mandar DM con toda la informaci√≥n por favor lo vamos a ver de forma directa saludos."
2018-10-10 16:33:35,yoongidefense,@Apple te amo
2018-10-10 16:27:36,AlexdelPaso,"Las @MacStoreMx abren a las 11 pero servicio cliente no abre hasta las 12, si no llevas el documento te cobran 200 pesos... eso agregando que me quieren cobrar 15mil por repararle una tarjeta flash a mi MacBook (ni lo que vale la computadora)! Que asco de servicio @Apple"
2018-10-10 16:22:17,Abril_luna2,@jay3_1416 @Apple JAJAJAJA BRO YO QUIERO
2018-10-10 16:21:35,PaisDeMaricadas,#Siri de @Apple la tiene muy clara.  #ColombiaMarica https://t.co/pQi9w8wc5I
2018-10-10 16:20:00,38consumer,@Apple lanza una campa√±a para el nuevo #iPhoneXS.  Growth Spurt  https://t.co/E1K6qiDCXK
2018-10-10 16:16:15,AndresCRoyale,@RoyalePeke @Apple Uf muy rtttt
2018-10-10 16:11:49,jay3_1416,"Les presumo mi fondo de pantalla, para esto existen fotos LIVE y 3DTouch, gracias @Apple https://t.co/NLaQJ8w4zS"
2018-10-10 16:08:15,mgari78,Lo que debe saber acerca de @Apple macOS Mojave y @VMware Workspace ONE UEM: https://t.co/oOGWJCsTkV https://t.co/RprLRkJcZt
2018-10-10 16:08:05,tecnikamx,Lo que debe saber acerca de @Apple macOS Mojave y @VMware Workspace ONE UEM: https://t.co/nJ8ZS0UkAL https://t.co/NKHsGc3X0j
2018-10-10 16:01:21,JavierSegoviaB,"Desde diciembre del a√±o pasado, luego de un chat con agente y su recomendaci√≥n, una vez al mes, escribo a @apple para que agreguen el tab de ‚Äúfrom‚Äù en Mail; nunca  se sabe de qu√© correo est√°s escribiendo. Miren lo que pas√≥ hoy üò±üéâ: https://t.co/HVStrJFkqI"
2018-10-10 15:53:50,Nicole76573549,@Apple por qu√© no me deja modificar el cetro de control? https://t.co/PXFTUpIkjB
2018-10-10 15:40:38,Comunidad_ICREA,"C√≥mo se comportan @google, @amazon @Microsoft  y @apple en consumo de energ√≠a #renovable seg√∫n @bloomberg #miercolesdeICREA https://t.co/6GezH0WfH8"
2018-10-10 15:27:08,ignaciobxrro,una en clase dice que el iPhone es mal√≠simo @Apple replant√©ate tus metas por favor
2018-10-10 15:22:44,_kathyv,@cigmx @Apple @AppleMxico @tuQuejaSuma Esperemos que nos resuelvan
2018-10-10 15:22:14,_kathyv,@applemonterrey @Apple cu√°l es su respuesta? Mi equipo est√° excelente todo funciona menos el micr√≥fono desde su √∫ltima actualizaci√≥n https://t.co/QZFW4CFdMq
2018-10-10 15:21:42,elsantiagolopez,Cuando trabajan en conjunto:  üì¶ Prime de @amazon  +   üñ≤ Nest de @Google +  üì±Iphone de @apple +   üöô Model X de @Tesla   Miremos el video ‚ñ∂ https://t.co/OJ0sXVUjh0
2018-10-10 15:10:57,networksecuresv,Lo que debe saber acerca de @Apple macOS Mojave y @VMware Workspace ONE UEM: https://t.co/p0FpykXAsJ https://t.co/vbULVPB7LB
2018-10-10 15:05:48,veronica_uc,@Apple que mala la actualizaci√≥n que mandaron üò°
2018-10-10 15:05:44,RamParra,@Apple Ahora si se pasaron est√°n car√≠simos
2018-10-10 14:48:40,ductoslago,Creo que @Apple no le ha apostado a mejorar su camara!!! Hasta no ver un cambio significativo regresare a #apple. https://t.co/ZQAapxHtqJ
2018-10-10 14:35:20,kroquejarme,Ni un a√±o ha pasado de que compre mi IPhone 7 y ya se descarga r√°pidamente la pila y se calienta üò°@ServicioTelcel @Telcel @Apple @Profeco
2018-10-10 14:21:30,PodiumPodcast,@pencil_ilustra @ElGranApagon @Apple üòç ¬°Lucen bien en cualquier sitio!
2018-10-10 14:20:41,OMsjG,@EduardoPradanos @Apple Te oigo hermano ;)
2018-10-10 14:14:42,barrdega,Lo que debe saber acerca de @Apple macOS Mojave y @VMware Workspace ONE UEM: https://t.co/2qKpFE8k93 https://t.co/166SrnJjce
2018-10-10 14:12:53,nanoitservices,Lo que debe saber acerca de @Apple macOS Mojave y @VMware Workspace ONE UEM: https://t.co/5CIckqGy91 https://t.co/KSon2PiqSA
2018-10-10 14:12:51,augusto_tomala,Lo que debe saber acerca de @Apple macOS Mojave y @VMware Workspace ONE UEM: https://t.co/D7vmE9lFqr https://t.co/OgZ0VAhmJ5
2018-10-10 14:11:57,Debug_Experts,Lo que debe saber acerca de @Apple macOS Mojave y @VMware Workspace ONE UEM: https://t.co/FEz8kCiAif https://t.co/d8mDJ2BYC3
2018-10-10 14:11:53,NextaServices,Lo que debe saber acerca de @Apple macOS Mojave y @VMware Workspace ONE UEM: https://t.co/PNS7erT9GH https://t.co/G52AVppv6n
2018-10-10 14:11:43,blueitsolution2,Lo que debe saber acerca de @Apple macOS Mojave y @VMware Workspace ONE UEM: https://t.co/vY4Yo1G4ZL https://t.co/jFmleCfey1
2018-10-10 14:11:30,GrupoCompufacil,Lo que debe saber acerca de @Apple macOS Mojave y @VMware Workspace ONE UEM: https://t.co/BhXexPZjjO https://t.co/TmL2iMa9Xk
2018-10-10 14:11:28,alexloam,Lo que debe saber acerca de @Apple macOS Mojave y @VMware Workspace ONE UEM: https://t.co/FL5UGVMAc8 https://t.co/Kvy4t1Dws3
2018-10-10 14:11:08,IPComMX,Lo que debe saber acerca de @Apple macOS Mojave y @VMware Workspace ONE UEM: https://t.co/qWCwNQFdhY https://t.co/QUzhqZu3mL
2018-10-10 14:10:46,karla_plata,Lo que debe saber acerca de @Apple macOS Mojave y @VMware Workspace ONE UEM: https://t.co/uDP9Zmr6Bk https://t.co/hOICOg92pf
2018-10-10 14:10:41,aurasystemsperu,Lo que debe saber acerca de @Apple macOS Mojave y @VMware Workspace ONE UEM: https://t.co/4tF75cpj52 https://t.co/bPTKT81Blh
2018-10-10 14:06:34,4KSolutions2,Lo que debe saber acerca de @Apple macOS Mojave y @VMware Workspace ONE UEM: https://t.co/lEPN19K05j https://t.co/wacBxak8lo
2018-10-10 14:06:24,iteratimx,Lo que debe saber acerca de @Apple macOS Mojave y @VMware Workspace ONE UEM: https://t.co/dmbXbq2lkl https://t.co/1MXa09DRal
2018-10-10 14:05:34,GrupoRedex,Lo que debe saber acerca de @Apple macOS Mojave y @VMware Workspace ONE UEM: https://t.co/e3sbB2WjH9 https://t.co/zC0XISJZph
2018-10-10 14:05:32,ecVirtualIT,Lo que debe saber acerca de @Apple macOS Mojave y @VMware Workspace ONE UEM: https://t.co/F1xzg9dh1w https://t.co/f8b6CFATYR
2018-10-10 14:00:06,Alvatrix,Lo que debe saber acerca de @Apple macOS Mojave y @VMware Workspace ONE UEM: https://t.co/UBvy7O0xcD https://t.co/v6UWmUwLyT
2018-10-10 13:59:52,MaviGuerrero,"Querido @Apple con lo caros que salen los IPhone, es muy injusto que solo se carguen con un solo cargador. M√≠nimo hasta con la luz solar se deber√≠an poder cargar, m√≠nimo. Si se te ocurre inventarlos, m√°ndame dos üòâüòò"
2018-10-10 13:59:51,EduardoPradanos,"@OMsjG @Apple Diooooos, odio eso tambi√©n. Te deja sin poder usarlo un buen rato cada vez que se acaba la bater√≠a..."
2018-10-10 13:50:00,RoyalePeke,"Lo unico que le falta a los airpods es poder subir y bajar el volumen, ya sabeis @Apple cabrones"
2018-10-10 13:40:56,mariajosegour,"@Apple Yo haciendo n√∫meros para compr√°rmelo.... pero no me sale nada, estoy por vender mi casa. https://t.co/YNLBNTU8Jt"
2018-10-10 13:33:20,cisrael09,"Que desastre actualice mi iPhone y est√° funcionando muy mal,@apple est√°n perdidos!!!!"
2018-10-10 13:32:07,Oncoblogg,"Atenci√≥n penosa en Apple Puerta del Sol. 40 minutos esperando (y lo que queda) para recoger un pedido online, para el que ellos mismos me han avisado ayer diciendo que ya estaba disponible. Un desastre. @Apple"
2018-10-10 13:30:30,perliuxmonroe,¬øTendr√° que ver con el fraude que me hizo @Telcel o con @GooglePlay o ser√°n los hackers chinos que violaron @apple y @amazon? üëâüèª https://t.co/rAD7Uy6iWr https://t.co/7wfDZ8NiYq
2018-10-10 13:30:22,pencil_ilustra,C√≥mo lucen las ilustraciones de David de las Heras para @ElGranApagon de @PodiumPodcast en la demo del nuevo Watch de @Apple üòçüòçüòç https://t.co/eyDxdbmNX6
2018-10-10 13:27:43,perliuxmonroe,¬øTendr√° esto que ver con el fraude del que me hizo @Telcel o ser√° la violaci√≥n de seguridad de los hackers chinos a @Apple y @amazon ? üëâüèªhttps://t.co/rAD7Uy6iWr https://t.co/7wfDZ8NiYq
2018-10-10 13:26:18,arseniy38952474,"@yxweisir @PeritoJudicialS @Apple innovar no significa ser el mejor en cuanto a especificaciones. Iphone fue el primer smartphone, el primero en a√±adir lo de la huella dactivar,face id y pantalla que ocupa toda la parte frontal"
2018-10-10 13:20:08,marumty,@cigmx @Apple @AppleMxico @tuQuejaSuma Yo tuve problema con un iPhone 6 y con un SE. @Apple que est√° pasando? Me dicen que hay que reemplazar el equipo!!! Que mugrero!!!! @tuquejasuma
2018-10-10 13:05:29,PullinTech,Lo que debe saber acerca de @Apple macOS Mojave y @VMware Workspace ONE UEM: https://t.co/wmN1mrUrZT https://t.co/7eO5SsfjyB
2018-10-10 13:04:57,vsolutionsvs,Lo que debe saber acerca de @Apple macOS Mojave y @VMware Workspace ONE UEM: https://t.co/VBGWamciWq https://t.co/VpIBgEM1ZV
2018-10-10 13:04:40,OmniBSolutions,Lo que debe saber acerca de @Apple macOS Mojave y @VMware Workspace ONE UEM: https://t.co/8ELvTPS9nW https://t.co/JnjPBKXeIH
2018-10-10 12:50:40,IntyQl,Ser√° que el #Pixel3 de ‚Å¶@Google‚Å© da una sorpresa y se posiciona ante los amados #iPhone de ‚Å¶@Apple‚Å© ? Considerando que su √∫ltimo dispositivo de gama alta no demostr√≥ mayor innovaci√≥n...  https://t.co/vKDcK8jqYC
2018-10-10 12:46:08,InsurgentePress,@Apple elimin√≥ la cartera de #criptomonedas por robar #EOS de los usuarios https://t.co/jVNstMu2Ke https://t.co/xOG6VgSoHD
2018-10-10 12:37:18,OBG888,¬øQu√© onda @Apple? ¬°Queremos el evento de octubre del #iPadPro nuevo!
2018-10-10 12:26:29,lauribelen,@cigmx @tuQuejaSuma @Apple @AppleMxico yo lo actualic√© y anda Perfecto
2018-10-10 12:23:58,710CAPiTAL,"Claro. ¬øC√≥mo permitir que el p√∫blico acceda gratuitamente a contenidos sonoros, mientras podemos cobrarle por ello? ¬øVerdad, @apple?. https://t.co/SHINAvS8cF"
2018-10-10 12:15:27,davedsg,@Apple Gracias pero yo soy amante de las pantallas m√°s peque√±as. Enamorado de mi SE y esperando nuevo modelo üòä
2018-10-10 12:14:21,fer_caracas,"Claro. ¬øC√≥mo permitir que el p√∫blico accesa gratuitamente a contenidos, mientras podemos cobrarle por ello? ¬øVerdad, @apple?. https://t.co/var7SvTZOF"
2018-10-10 12:12:03,ytasier,@Google @Apple Aprended a hacer m√≥viles por favor
2018-10-10 12:03:55,InfoworldChile,Lo que debe saber acerca de @Apple macOS Mojave y @VMware Workspace ONE UEM: https://t.co/RczokjaV5c https://t.co/sEr6w5gUMB
2018-10-10 12:03:15,AmericaGroupSRL,Lo que debe saber acerca de @Apple macOS Mojave y @VMware Workspace ONE UEM: https://t.co/rxwLxHaq8a https://t.co/etUQ8m2JAX
2018-10-10 12:03:14,B2Cloud_ARG,Lo que debe saber acerca de @Apple macOS Mojave y @VMware Workspace ONE UEM: https://t.co/tisX36fEnq https://t.co/JxoNWccevq
2018-10-10 12:03:07,mobileworkersAr,Lo que debe saber acerca de @Apple macOS Mojave y @VMware Workspace ONE UEM: https://t.co/3zxSpwwYZp https://t.co/oByfQ87qGW
2018-10-10 12:03:01,TLineChile,Lo que debe saber acerca de @Apple macOS Mojave y @VMware Workspace ONE UEM: https://t.co/zOO2rpBF7V https://t.co/OSI1R6Ta8f
2018-10-10 11:58:11,blackeagle5th,@Apple Pero se cargan?
2018-10-10 11:47:19,Gabbbla,"A cada rato me sale publicidad del IphoneXs, pero @Apple no entiende que no tengo dineroüôÉ!!"
2018-10-10 11:32:54,flakisibiza,@applesfera Tengo el nuevo Series 4 LTE‚åöÔ∏èüôÑ y funciona cuando se le pone en la casta√±a a Do√±a Siri... @normanhm Bates!üî™ @Apple
2018-10-10 11:23:07,jorgeescoba5,@Apple Podriais ppner una bateria que valga la pena porfavor
2018-10-10 11:15:23,piero0000000000,@rataman098 @Imaginaerum_XII @Apple Porque tu lo digas jejejeje m√°s quisieras tener un iPhone o pixel
2018-10-10 11:03:22,AlfaLogsly,@Apple Es lo mismo que el X pero con mejoras en el face Id y 1 gb mas de ram. Y aun seguis con 6 nucleos. Estamos en 2018 Apple. Hay que renovar un poco.
2018-10-10 10:55:35,calape63,"@Apple Eso para ricos, no para los q trabajamos en Correos empresa del estado, q si no estas de baja en todo el mes, cobras 1000‚Ç¨.Ya me gustaria poder comprarmelo, pero debo dar de comer a mis hijos y pagar gastosüôè pero no llego"
2018-10-10 10:45:54,fcruz_shitokai,"@SamsungMexico creo ya pas√≥ mucho tiempo como para que resuelvan mi caso. no cumple con sus promociones, tengo muchos mensajes de su parte diciendo que su equipo ya est√° trabajando, si son muchas solicitudes las que tiene que implemente m√°s personal. @Profeco @apple #Fraude"
2018-10-10 10:34:19,Anisvigo1,"@Apple Es inevitable, veo esta funda y a mi me recuerda a una mamografia en color, lo siento üôà"
2018-10-10 10:31:45,visioninvisible,Original Sin... la Apple I fue la primera computadora vendida por @apple en 1976 y sent√≥ las bases para una de las compa√±√≠as que cambi√≥ definitivamente la industria ~ . . . #apple #applei #computer #personalcomputer #stevejobs #wozniak #history https://t.co/TnmPxhAvVx https://t.co/wnZuBx1819
2018-10-10 10:00:22,Jose_GrupoRC,"La demostraci√≥n de que para @Apple   @AppleSupport la #CX y el ""customer centric focus"" son √∫nicamente frases hechas de cara a la galer√≠a.   La realidad es que los clientes solo importamos para ingresar m√°s y m√°s d√≥lares üí∞üí∞  Probando su programa de renovaci√≥n de dispositivos ü§£ https://t.co/ZU8kyKXkNp"
2018-10-10 09:58:09,96votrenom,@sprngdxy @Apple QU√â ACTUALIZACI√ìN WHAT
2018-10-10 09:56:14,sprngdxy,el nuevo teclado con la actualizaci√≥n QUE HORROR @Apple se pueden ir a la caca
2018-10-10 09:50:00,Arena_Publica,"Tanto @Apple como @amazon negaron la presencia chips con capacidades de espionaje en las tarjetas madre de sus servidores, citando investigaciones propias. https://t.co/Nf5p95NwAH"
2018-10-10 09:49:49,moonlxghht,hasta el co√±o de que se me apague el ordenador dadme uno nuevo de una vez in√∫tiles @Apple
2018-10-10 09:23:58,moonlxghht,mira honestamente me cago en vuestro servicio t√©cnico de mierda mamonazos @Apple
2018-10-10 09:13:04,fcoreynaud,"#dislike Amaba las vistas previas tipo #thumbnail de #finder en cualquier modo de visualizaci√≥n, pero en #Mojave, creo que se las cargaron !!! üòîü§¨ #apple @apple ¬øQu√© pas√≥? #Problema? #Error? #Falla? https://t.co/Kv64xRHIm3"
2018-10-10 09:06:29,CompulabPma,Lo que debe saber acerca de @Apple macOS Mojave y @VMware Workspace ONE UEM: https://t.co/C6RtGgjfGw https://t.co/91OFe8fHXM
2018-10-10 09:06:11,svaitgroup,Lo que debe saber acerca de @Apple macOS Mojave y @VMware Workspace ONE UEM: https://t.co/CO7YjKAAiU https://t.co/gJu2w64iMo
2018-10-10 09:05:27,cwalca,Lo que debe saber acerca de @Apple macOS Mojave y @VMware Workspace ONE UEM: https://t.co/aEX9kQsg8o https://t.co/80fF7vaSYQ
2018-10-10 09:03:41,Servysoftpanama,Lo que debe saber acerca de @Apple macOS Mojave y @VMware Workspace ONE UEM: https://t.co/HJnr3W1G7f https://t.co/AL4ObIxu7C
2018-10-10 09:03:33,AgilitixToCloud,Lo que debe saber acerca de @Apple macOS Mojave y @VMware Workspace ONE UEM: https://t.co/rMtxmmm9qv https://t.co/46Y1PT1TLA
2018-10-10 09:03:05,Continueit1,Lo que debe saber acerca de @Apple macOS Mojave y @VMware Workspace ONE UEM: https://t.co/OCemgWn7pT https://t.co/Tg3EKnzDwE
2018-10-10 09:03:03,VTI_Soluciones,Lo que debe saber acerca de @Apple macOS Mojave y @VMware Workspace ONE UEM: https://t.co/Z4e8WorQLJ https://t.co/3OrawDMNCl
2018-10-10 09:03:01,techcenterperu,Lo que debe saber acerca de @Apple macOS Mojave y @VMware Workspace ONE UEM: https://t.co/VjuYr668xS https://t.co/eAFMxZIO9G
2018-10-10 09:03:00,LavadoJoseLuis,Lo que debe saber acerca de @Apple macOS Mojave y @VMware Workspace ONE UEM: https://t.co/5qk47LZPRX https://t.co/XDL7UwJyGp
2018-10-10 09:02:52,LarsonTec,Lo que debe saber acerca de @Apple macOS Mojave y @VMware Workspace ONE UEM: https://t.co/j3znZZeR07 https://t.co/dKXVQtvzJz
2018-10-10 08:30:35,HShizukesa_,"@Apple Manzanas aqu√≠ no, eh Juan, manzanas aqu√≠, No."
2018-10-10 08:14:38,OMsjG,Quiero hablar con el que dise√±√≥ c√≥mo se carga el rat√≥n inal√°mbrico de @Apple https://t.co/iOebWvQ0Uk
2018-10-10 08:11:33,sergios43604973,@Apple otra basura con nombre distinto https://t.co/eZlxFLEmJj
2018-10-10 07:45:20,arturomendz,"#Pixel3 lo que pasa cuando dise√±an algo pensando en la gente, o√≠ste @apple ?"
2018-10-10 07:38:06,albafmesa,"Os puedo asegurar que cada vez que actualizo me sale, el acoso es real @Apple basta yaüò© https://t.co/9RX5Mda8yq"
2018-10-10 07:33:35,tonfalques,"@davidtsh @sketchapp @Apple @wacom Quina pila de paraulotes en poc tros, home!!!"
2018-10-10 07:30:22,Econocom_sp,El pr√≥ximo 24/10 estaremos en #Mallorca junto a nuestro partner @Apple para una exclusiva sesi√≥n de trabajo en la que se mostrar√°n las nuevas tendencias digitales en torno a la movilidad y la experiencia del usuario ¬°Nos vemos en Mallorca! ‚û° https://t.co/5QyQN5fVNX ‚¨Ö https://t.co/7BqMGEuCqs
2018-10-10 07:16:39,luismialonso4,"@Apple Hola buenos d√≠as @Apple, como veis poder darme uno? Yo estar√≠a agradecido, seguro que os sobran, venga as√≠ pod√©is hacer la buena acci√≥n del d√≠a.."
2018-10-10 07:04:35,AnahRuiz1,"@arseniy38952474 @PeritoJudicialS @Apple Pagas mucho, much√≠simo, m√°s de lo que cuestan los procesos de dise√±o, producci√≥n y venta. Por eso Apple crece exponencialmente. Sin un margen muy amplio de beneficios, es imposible."
2018-10-10 06:59:48,raulpocol,"@lopezcastillo25 @Apple Tambi√©n hay coches que cuestan m√°s que un piso , pero tambi√©n gente que gana dinero para permitirse un gasto as√≠ ..."
2018-10-10 06:57:22,raulpocol,@ppgalifa @Apple Jajajaja  te lo vendieron ? Ser√° porque lo compraste no ? Aparte que culpa tienen ellos que t√∫ no te has informado antes de que van a sacar uno nuevo üòÇü§¶üèª‚Äç‚ôÇÔ∏è
2018-10-10 06:54:25,raulpocol,@s_moosie @Apple En serio que te quejas por eso ? Jajaja luego en el d√≠a al d√≠a ser√°s una feminazi fijo !
2018-10-10 06:51:34,DespedidasJerez,@Apple Esta bien pero para lo q vale veo que los auriculares deber√≠an ser inal√°mbrico sin cable y el cargador pens√© q traer√≠a el de carga r√°pida creo que ay cosas como estas las q marcar√≠an la diferencia con otras marcas pero claro ...hace lo mismo q las otras entonces ...
2018-10-10 06:03:52,quicksupplies,Lo que debe saber acerca de @Apple macOS Mojave y @VMware Workspace ONE UEM: https://t.co/WIUGE59eYu https://t.co/ln0rPfIrQB
2018-10-10 05:46:30,emmactavish,llevenme con ustedes @Apple
2018-10-10 05:41:27,gerardlluch,3 semanas con error de activaci√≥n de Apple Pay con @caixabank con una tarjeta que ya funcionaba y ni desde @CABK_Responde saben dar respuesta al problema. Lamentable #applepay #lacaixa #caixabank @Apple @AppleSupport #apple #applesupport
2018-10-10 05:26:07,alexandremgreco,@Apple Il√≥gica l
2018-10-10 04:35:57,cigmx,Sumate a mi reclamo a #Apple y ayudame a lograr una soluci√≥n!!! https://t.co/AVleK8Ug3Y #queja v√≠a @tuQuejaSuma @Apple @AppleMxico
2018-10-10 04:29:43,andypazr,gracias @Apple https://t.co/uRTLYNK3Sy
2018-10-10 04:29:27,EliseaSaravia,Che @Apple que esperas para inventar unos auriculares de goma que sirvan para dormir escuchando m√∫sica y no te rompan la oreja cuando te pones de costado?? Pensalo
2018-10-10 04:13:29,AlexdelPaso,Con la novedad de que el cambio de la pieza da√±ada de mi MacBook cuesta 15 mil pesos! Y mi compu al d√≠a de hoy no vale m√°s de 12-13 mil! @Apple algo no me cuadra! ü§î creo que es un robo vil y descarado lo que cobran de servicios!
2018-10-10 04:04:47,cigmx,Yo tambi√©n tengo esa falla #iphone7Plus despu√©s de actualizarlo al ios12 dejo de funcionar el audio @Apple somos muchos afectados y nos quieren cobrar por el reemplazo!! @AppleMxico necesitamos su ayuda @tuQuejaSuma https://t.co/UaN1TxMAZ5
2018-10-10 03:45:58,ivdchaves,M√°s claro que el asistente inteligente de @Apple ? #PresidenteDeColombia #DosPresidentes https://t.co/drV3UNM9yY
2018-10-10 03:42:28,antoniotwitero2,"@samsungmobilemx @Apple y @SamsungMexico ya es lo mismo, ya no sorprenden, s√≥lo agregan memoria ,un nuevo nombre, publicidad y pum 5,000 pesos m√°s. Se siguen fiando de sus ""fieles"" clientes, no se dan cuenta que ya hay mejor competencia, se est√°n tirando a dormir."
2018-10-10 03:06:16,mypress_mx,"#Empresas | Al final, el gobierno de #EU apoya la negaci√≥n de @Amazon y @Apple sobre el incidente del espionaje chino mediante el #chip arrocero en territorio estadounidense.üëá https://t.co/6n5LQjF9v0 https://t.co/FJ0u8DBdJn"
2018-10-10 03:04:48,Eliezeraugust0,Gracias @Apple por no poner el maldito Split Screen en un tel√©fono de 5.8 pulgadas. Balsa de mmg https://t.co/VUPPAqkLCJ
2018-10-10 02:45:44,carnato99,@Apple menuda casta√±a los AirPods a los 6 meses la bater√≠a de cada auricular dura 2 horas como mucho .. imag√≠nate en medio de una conversaci√≥n telef√≥nica ... una decepci√≥n .. nunca mas
2018-10-10 02:28:17,ansiacl,mi enfoque | primavera junto a los #airpods desc√∫brelos y con√≥celos en mi nota ya publicada https://t.co/5Md9Eh6Gpa #tech #apple #alwaysconnected #music #calling #training #yoga #walking #discovering #must #design #minimal #minimalism #art @Apple https://t.co/uupmOOdyAo
2018-10-10 02:28:00,adolfotabaresg,"Como usuario @Apple me alegra que @MacCenter abra tienda en @nuestrouraba y con gran expectativa, no veo la hora de estar viendo estos productos ofrecidos al p√∫blico de la regi√≥n. Gracias por creer en #Urab√°"
2018-10-10 01:59:01,Regue18,"A ver iphone me queda la llamada perdida persistente aunque la vea, get pillo y arma el parche de iOS12 de una vez @Apple"
2018-10-10 01:53:21,anto_petrini,"@villalbajuan_ @Apple si tus respuestas no van a colaborar a la causa ev√≠talas porfi, podr√° ser ?"
2018-10-10 01:50:20,anto_petrini,Cuando voy a poder mirar netflix y usar twitter al mismo tiempo en el celular ? @Apple tramitame porfa
2018-10-10 01:45:13,BauuMas,@Apple la concha de tu madreeeeeeeeeeeee
2018-10-10 01:16:25,The_Flash_CR,Chavos una duda el iphone 6 normal corre fortnite? @FortniteGame @Apple ü§îü§î https://t.co/to7orqG5lv
2018-10-10 01:08:23,entelempresape,"#RutaDel√âxitoEntel  ""¬øQu√© es lo que tienen en com√∫n las marcas mas valiosas del mundoüí∞, @Google, @Apple, @Microsoft, @Amazon y @Facebook? Todas tienen nuestros datosüìä"". @VictorLozano, empresario y consultor de #Marketing."
2018-10-10 01:07:22,rickidzul,"ASPTM lo nuevo de @Google es otro nivel, aprende @Apple tanto poder en un dispositivo m√≥vil. üò±üò± #madebygoogle"
2018-10-10 00:54:06,ErikaMabet,"Titulo de la obra? OBSOLESCENCIA PROGRAMADA... en palabras castizas, Robo programado. @Motorola_col  Esta historia me confirm√≥ lo que r√°pidamente pens√©... nunca deb√≠ cambiarme de @Apple #iPhone @iShopCol"
2018-10-10 00:49:34,CloudIT_,Lo que debe saber acerca de @Apple macOS Mojave y @VMware Workspace ONE UEM: https://t.co/tFTy2YNBaq https://t.co/56f8fXPqTr
2018-10-10 00:41:41,alfreditodc,@ArriArrieta @Apple M√°ndame un apple watch serie 4 üòÖ
2018-10-10 00:16:43,MariaBarron22,Se supone que como parte del procedimiento de servicio y satisfacci√≥n al cliente debes segurar que entregas el equipo funcionando @Profeco @Apple @AppleSupport
2018-10-10 00:14:36,MariaBarron22,"Tampoco me permiten probar el equipo, por que me lo entregan completamente sin pila ! @Apple @Profeco @iShop_Mixup https://t.co/PCtRBUd9V2"
2018-10-10 00:13:59,michipanero1801,@PuercoMorado @HuaweiMobileMx @Apple Ya cualquier gato trae un iPhone
2018-10-10 00:05:37,MariaBarron22,"Me entregan nuevo el equipo que ellos descompusieron, pero ahora me entregan mi MacBook con misterioso da√±o por l√≠quido, lo que invalida su garant√≠a @Profeco @Apple ES REAL!!!"
2018-10-10 00:03:06,YsaEliana,"actualic√© mi celular y dej√≥ de funcionarme la c√°mara, volv√≠ a actualizarlo y sigue igual, necesito ayudaaaa no aguanto m√°s sin mi c√°maraüíî a alguien mas le pas√≥?? @AppleSupport @Apple  #helpme"
2018-10-09 23:59:06,carvajal147,@Apple El precio del S9 est√° m√°s accesible y trae mejores cosas üòâ
2018-10-09 23:54:56,gustavo_kc,"@anavictoriaga .@anavictoriaga IPHONE, no por qu√© sea mejor, todos son buenos pero la forma de usarlo es m√°s f√°cil y el flujo de trabajo en un entorno @Apple es bastante agradable y fluido. A mi me funciona bien, depende de tus necesidades ser√° el equipo pero seguro ese te acomodar√≠a muy bien."
2018-10-09 23:52:58,dontshoothebear,Cuando?! @Apple https://t.co/ZdJRG2gZR3
2018-10-09 23:52:28,cesarchinese,Alguna aplicaci√≥n de iOS para descargar videos de Facebook en el iPhone?? @Apple #ios #iphone
2018-10-09 23:51:10,djshowjames,"@vodafone_es @apple llevo 5 d√≠as sin mi iPhone. Es como si llevara un mes.... decidme que d√≠a me lo vais a llevar a la tienda arreglado, porfavor!!!!! NO PUEDO MAAAAASSSSSSSSSSSSSS üëäüèªüò•"
2018-10-09 23:50:53,MariaBarron22,Justifican que mi mac tiene l√≠quido por lo que no me har√°n v√°lida la garant√≠a @iShop_Mixup @Apple @Profeco despu√©s de que descompusieron mi Apple Watch y tuvieron que reponer la pieza nueva
2018-10-09 23:48:43,MariaBarron22,Solo dejo mis √≥rdenes ah√≠! Y llevo m√°s de 40 min aqu√≠ @Apple @Profeco @iShop_Mixup https://t.co/ApEprtvytj
2018-10-09 23:46:57,MariaBarron22,"Bajo despu√©s de 15 min y m√°s de 5 personas esperando la persona que descompuso mi Apple Watch, dando atenci√≥n a todos menos a mi @Apple @Profeco"
2018-10-09 23:38:26,MariaBarron22,Llevo 20 min parada frente al aparador sin recibir atenci√≥n y que uno solo se pare por aqu√≠ @Apple
2018-10-09 23:37:58,hentschelb,"@JVargasce @Apple @Telcel Jajajajaja, No me conoces"
2018-10-09 23:37:40,MariaBarron22,Continuando con mi drama en @Apple llegue y todas las personas de servicio se fueron!
2018-10-09 23:22:36,jrsahuquillo,Hay que verla. Entrevista in√©dita a #SteveJobs poco antes de volver a ‚Å¶@Apple.‚Å© ‚ÄúSteve Jobs: The Lost Interview‚Äù en Netflix https://t.co/2HtCrDS24C
2018-10-09 23:16:32,MatiBolzi,"No quiero ver las notificaciones de la semana pasada de wp, media pila @Apple"
2018-10-09 22:52:43,basiliolv,@Apple #rayito3 @DebRyanShow animo jajajajaü§£
2018-10-09 22:51:34,ttrvjp,"alo @Apple, patrocina o @lilraffgr https://t.co/GGo9ZTgzSD"
2018-10-09 22:43:56,requena079,@Apple Se perdi√≥ la esencia del iPhone.  Parece un Samsung y no es mamada.
2018-10-09 22:31:43,JoshPamanes,@InfoSpyware a partir del update de #MacOSMojave comenc√© a experimentar lentitud en los procesos de safari y chrome. Instale Antivirus Zap desde #Appstore .  Detect√≥ dos #Adware . Se los comparto para el an√°lisis. @Apple @applesfera @Apple5x1 @apple https://t.co/cFkLXrqpx2
2018-10-09 22:23:43,josetes112,Vamosss #ModeUpdate #IOS12 #apple cc/ @Apple https://t.co/3tlzXe2ZFC
2018-10-09 22:23:21,susamarting,@Latanace @Apple @el_pais Los de Apple hacen milagros... Crucemos los dedos ü§ûüèªü§ûüèªü§ûüèªü§ûüèª
2018-10-09 22:22:09,Latanace,"@susamarting No. Muri√≥. Tengo cita ya en @Apple.  Me cubren en @el_pais, en la radio tengo copia de todo lo del programa. Pero me han jodido lo que ten√≠a escrito.  Me han preguntado si me han pedido rescate y no he sabido si echarme a re√≠r o a llorar.  Si yo soy una pringada de mierda."
2018-10-09 22:21:36,ElPerez4k,Que pasa @Apple üôÑ https://t.co/3g3w6wbRwT
2018-10-09 22:15:03,LuisGyG,üíªüòÆ #LoM√°sLe√≠do ¬øYa conoces el nuevo sistema operativo de @Apple para las Macs? Aqu√≠ te doy m√°s detalles del macOs Mojave.  https://t.co/yAGVBXH15L https://t.co/CMZ9hOGRaH
2018-10-09 22:06:03,samsungmobilemx,@CarlSnowM @vampipe @Huawei @Apple La verdad S Pen hace toda la diferencia üòâ @CarlSnowM ¬øQu√© te gustar√≠a que tuviera nuestro pr√≥ximo #Galaxy? üòÄ
2018-10-09 21:59:38,Garci871,"@Apple Mi opini√≥n es que para hacerse 4 fotos, escuchar m√∫sica, leer los peri√≥dicos , visitar alguna que otra p√°gina , usar el navegador , wassup y las 4 app de moda aparte de alg√∫n q otro juego no hace falta un m√≥vil de 1700 euros"
2018-10-09 21:59:23,hentschelb,"Que frustracion, nadie sabe nada del @apple watch series 4 con @Telcel..."
2018-10-09 21:54:35,cfdrok,Tengo la actualizaci√≥n de iOS y sigo con el mismo problema del Bluetooth Ô£ø @Apple @AppleSupport @Apple5x1
2018-10-09 21:45:07,JCRequenaO,Todo comenz√≥ en un GARAJE . . . . @apple #SteaveJobs #ElMBAqueEsperabas #Aquora # https://t.co/ovfnkBry5N
2018-10-09 21:44:14,melissaolive1ra,@Apple Me estoy deprimiendo
2018-10-09 21:27:08,iangeleyva,@CrismaMartnez @Apple Jajajajajaja si pero poquito...
2018-10-09 21:25:02,Seb10Le,@corte_rodrigo @Apple C√≥mpralo o eres pobre ?
2018-10-09 21:15:41,JuanMaVasquezP,Idea Multimillonaria: Un cargador de celular que no se rompa.  @Apple apunten que no les voy a durar toda la vida.
2018-10-09 21:06:43,bebitoIindo,Google no necesita 2 lentes chupenla @Apple https://t.co/qWNBds7AJ5
2018-10-09 21:06:08,poncho_cds,Te mamaste @Google  tu pixel XL con notch? ... Qu√© necesidad tienen de copiar a los es est√∫pidos de @Apple y si aifon .... Todos me lastiman
2018-10-09 21:03:45,MultiplAds,@Google Pixel 3 vs @Apple  iPhone XS https://t.co/Gl4xrlDmxN
2018-10-09 21:02:46,LuisPandilla,@Apple Aqu√≠ en donde ??? Denle unos a @Telcel @ServicioTelcel porque tengo dos semanas que no llega uno
2018-10-09 21:00:39,CamilaaSalamanc,No tengo la Net pero mi celular me deja hacer tps como si estuviera en Word @apple te amo
2018-10-09 21:00:08,SoyEntrepreneur,#TomaNota  @Apple ya no te dejar√° reparar tu Mac por tu cuenta üò§  https://t.co/l7lj2wirMC https://t.co/S0to6rusl8
2018-10-09 20:56:08,OrtegaMayorquin,"@Fernando5x1 @Apple5x1 #1 canal de @Apple y tecnolog√≠a en espa√±ol, lo firmo @Apple5x1 üëåüèª"
2018-10-09 20:50:13,imontenegro86,#Siri de @Apple la tiene m√°s clara que muchos ministros que se excusan o dicen estar trabados: https://t.co/4EWY05Gk5D
2018-10-09 20:49:30,javi84bcn,"@AleLopZmx @Apple Tu quieres un iphone nuevo despues de usarlo un a√±o y yo quiero un ferrari, bien no?"
2018-10-09 20:37:22,martinagimnz,"@Apple @Apple tengo el m√≥vil a punto de romperse y mi iPhone 6s muri√≥ hace ya en una piscina, si te digo que voy a utilizar solo iPhone de por vida como m√≥vil, ¬øme lo regalais? üòä"
2018-10-09 20:30:00,RevistaCromos,@Apple inhabilitar√≠a reparaciones no autorizadas en productos Mac. https://t.co/lpB9bDjGAW https://t.co/NnOEoQ0iTU
2018-10-09 20:23:14,brunorezza,"Mucho iPhone X Max Plus S el mejor de la historia, pero cuando chingados unos cables decentes? @Apple https://t.co/jmUjAWnHPM"
2018-10-09 20:20:35,zea_barrios,"@Apple Excelente propuesta , funcionarios de la Adm p√∫blica deben participar"
2018-10-09 20:18:18,latinol,"#Tech |  La situaci√≥n con los servidores y el compromiso de los datos era bien conocida por muchas de las empresas expuestas, entre las que se encuentran @Apple y @amazon, que descubrieron las modificaciones en los servidores en 2015. https://t.co/Vmhdm4ipng"
2018-10-09 20:09:11,FerGzlz,@Apple Cabe mencionar que desde que la arreglaron fallaba pero pens√© que era el precio a pagar por una tarjeta l√≥gica y ya no quer√≠a m√°s meses sin trabajar.  Pero pues resulta que estaba desconectado alv
2018-10-09 20:08:05,FerGzlz,Nunca les cont√© que cuando arregl√© mi Mac me di cuenta que  @apple M√©xico me hab√≠a dejado desconectado el micr√≥fono y la bocina izquierda desde 2015.
2018-10-09 19:56:59,JotaCalderone,"El notch es el peor invento de la humanidad, gracias @Apple"
2018-10-09 19:52:14,alegkobi,@Apple Os cuesta 50 hacer uno y luego lo vendeis por 1200 por tener una fruta en la parte trasera
2018-10-09 19:45:56,gnd007,@samsung inventa la pantalla infinita. Nadie la copia.  @apple inventa el Notch. TODOS lo copian.
2018-10-09 19:37:36,AlquimistaDigit,"Reconozco que @Apple (bueno, Steve Jobs, realmente) fu√© mucho m√°s original en el nombre de sus productos...  #pixel es demasiado ambiguo y tendr√° efectos ruidosos en la red"
2018-10-09 19:37:27,Teelker,PUTA MIERDA de √∫ltima actualizaci√≥n de #IOS @iPhoneEnEspanol @Apple ahora necesito recargar el m√≥vil 3 VECES al d√≠a!!!!!!! Pero que co√±o hacen los que verifican las actualizaciones?????
2018-10-09 19:34:28,TechPeopleMex,"@michcortesr @iShop_Mixup @Apple @MxApple @MacStoreMx Hola Michelle, lamento que tengas problemas con tu iPhone, ay√∫danos con un follow para poder dar seguimiento a esta situaci√≥n. Saludos"
2018-10-09 19:33:48,lrgh_82,@Apple Apple siguen mintiendo y robando a sus clientes
2018-10-09 19:30:20,Phoenix_Terra,"Vamos a ver, @Apple saca un tel√©fono con notch en 2017.  Un a√±o despu√©s, l√©ase bien, @Google saca un tel√©fono con #NOTCH.  Algo que el 80% de los usuarios de android consideraron como una deficiencia de dise√±o.  Ahora cu√°l va a ser su nuevo argumento?"
2018-10-09 19:14:16,ZAPOTALITO81,"@Apple No, ya me di cuenta que el verdadero cambio en el tel√©fono celular en general, vendr√°n despu√©s de el 2020 por ahora me quedo con el anterior a este iPhone.  Plup üòú"
2018-10-09 19:05:50,LauraMorenoTir1,@Itachydoblxs @Apple JAJAJAJ
2018-10-09 18:59:04,jesuspasg,Condenado. Haciendo lo que amo. @Apple #MacBookPro @iFixit https://t.co/zsYx9tAwkM
2018-10-09 18:53:45,oloralimon,@Apple D√≠ganle @Telcel que ya me lo entregue !!! üò©üò©üò©
2018-10-09 18:28:16,tutziiepop,@Apple me lleg√≥ un correo bastante extra√±o sobre una compra... llego en un pdf la confirmaci√≥n ü§î https://t.co/fMGOFSaDFk
2018-10-09 18:27:23,Kevinvillaa10,joder @apple tus putos earpods son m√°s fr√°giles que gareth bale y ya es decir
2018-10-09 18:23:22,techinomys,"- @netflix comprar√° su primer estudio cinematogr√°fico  Se trata de Albuquerque's ABQ Studios, unas instalaciones de gran tama√±o en las que la compa√±√≠a puede crear sus propios mundos para sus contenidos y en  una zona en la que tambi√©n operan los estudios de @Amazon y @Apple. https://t.co/ZxolpkKhTo"
2018-10-09 18:21:54,clausenqk,¬øCu√°ndo llega el apple watch S4 a M√©xico @Apple?
2018-10-09 17:57:57,AdriOS_App,"@OvidioCordero @marcossierra @angeljimenez @eaala @Apple @waze_es @waze @googlemaps @earcos @pedroaznar @victor_abarca @Fernando5x1 Yo soy de esos tambi√©n, que le voy a hacer ü§∑‚Äç‚ôÇÔ∏èüòÜ"
2018-10-09 17:56:38,AdriOS_App,"@marcossierra @angeljimenez @OvidioCordero @eaala @Apple @waze_es @waze @googlemaps @earcos @pedroaznar @victor_abarca @Fernando5x1 Otras, no me digas. Que locura üòÜ"
2018-10-09 17:48:47,AdriOS_App,"@OvidioCordero @marcossierra @angeljimenez @eaala @Apple @waze_es @waze @googlemaps @earcos @pedroaznar @victor_abarca @Fernando5x1 Eso no te lo voy a negar. Lo que s√≠ veo primordial, por ejemplo, es que navegadores como estos que est√°n funcionando en un dispositivo m√≥vil, avisen de retenciones cuando se est√°n produciendo, para saber que tendr√°s que frenar o estar m√°s atento en ese momento. Eso ayudar√≠a m√°s."
2018-10-09 17:46:16,yourwalterego,@Apple Lo estoy viendo desde mi poco f1 by @XiaomiEspana
2018-10-09 17:43:20,kindree24,"IPhone 6 ambas c√°maras muertas y linterna muerta, una mierda el IOS 12 @Apple ladrones qls jaja"
2018-10-09 17:33:17,Carlos_Barreras,"@vicopico @Apple Exacto c√≥mo el Xiaomi Mi8, yo ya quiero deshacerme de mi iPhone 7 Plus"
2018-10-09 17:30:01,OvidioCordero,"@AdriOS_App @marcossierra @angeljimenez @eaala @Apple @waze_es @waze @googlemaps @earcos @pedroaznar @victor_abarca @Fernando5x1 Si fuera ""primordial"", Google o Apple ya lo habr√≠an hecho. Pero no molesta a nadie que en los ajustes se pueda activar esa opci√≥n, como hace Waze. Puede dar tranquilidad a padres y si en 20 a√±os salva una sola vida habr√° valido la pena."
2018-10-09 17:28:33,Fractaleo,@VacteriaViloria @Apple Fierro
2018-10-09 17:24:27,AdriOS_App,"@marcossierra @angeljimenez @OvidioCordero @eaala @Apple @waze_es @waze @googlemaps @earcos @pedroaznar @victor_abarca @Fernando5x1 Bueno, vale, pongamos que me convenc√©is que tengo posibilidades de dejar a mi hijo olvidado en el coche por rutina. Si por rutina le doy a aceptar al aviso, de que vale este ü§∑‚Äç‚ôÇÔ∏è  Lo que estoy diciendo es que no es algo primordial en navegadores."
2018-10-09 17:22:13,marcossierra,@angeljimenez @AdriOS_App @OvidioCordero @eaala @Apple @waze_es @waze @googlemaps @earcos @pedroaznar @victor_abarca @Fernando5x1 Eso es. Lo que se convierte en rutinario despista. Lo an√≥malo nos pone en alerta.
2018-10-09 17:22:10,ndresbar,"Y por eso @Apple se sigue quedando con la mejor (no la mayor) parte del mercado latinoamericano, a pesar de su poca innovaci√≥n a√±o con a√±o #MadeByGoogle https://t.co/nf9LNy2nzV"
2018-10-09 17:19:31,angeljimenez,@marcossierra @AdriOS_App @OvidioCordero @eaala @Apple @waze_es @waze @googlemaps @earcos @pedroaznar @victor_abarca @Fernando5x1 La raz√≥n por la que no pasa m√°s a menudo es porque tienen que darse condiciones muy espec√≠ficas. Normalmente El Ni√±o se mueve o hace ruido durante el trayecto y lo registras. O algo m√°s ‚Äúno cuadra‚Äù y te activa un ni el de consciencia diferente.
2018-10-09 17:18:40,OvidioCordero,"@marcossierra @angeljimenez @AdriOS_App @eaala @Apple @waze_es @waze @googlemaps @earcos @pedroaznar @victor_abarca @Fernando5x1 A m√≠ tambi√©n me podr√≠a pasar. Tengo la suerte de revisar mucho las cosas. Consume mucha energ√≠a y no te hace inmune para nada, pero te quedas m√°s tranquilo."
2018-10-09 17:17:29,angeljimenez,"@marcossierra @AdriOS_App @OvidioCordero @eaala @Apple @waze_es @waze @googlemaps @earcos @pedroaznar @victor_abarca @Fernando5x1 Cuando haces algo en rutina, tu cerebro va en piloto autom√°tico. No lo@piensas ni salta al nivel de consciencia. Si cambias algo en la rutina pero no significativo, es f√°cil que partes salten a modos diferentes de funcionamiento."
2018-10-09 17:16:15,angeljimenez,@marcossierra @AdriOS_App @OvidioCordero @eaala @Apple @waze_es @waze @googlemaps @earcos @pedroaznar @victor_abarca @Fernando5x1 Es que ni siquiera es eso. Puedes ser la persona menos despistada del mundo y te pasar√≠a igual. El mecanismo de la memoria de acciones rutinarias no funciona igual que el de la memoria a corto plazo o largo plazo.
2018-10-09 17:15:47,marcossierra,@angeljimenez @AdriOS_App @OvidioCordero @eaala @Apple @waze_es @waze @googlemaps @earcos @pedroaznar @victor_abarca @Fernando5x1 Y se da el caso de que el chaval tuvo una llamada de trabajo justo al cerrar el coche.
