2019-04-25 21:19:42,mikiangel0701,@vwargentina Soy una persona poco tecnol√≥gica que es un DM.
2019-04-25 20:58:29,mikiangel0701,@vwargentina Se√±ores desde hace 4 a√±os que vengo padeciendo con mi auto Bora 2014. Una reparaci√≥n de motor y 2 cambios de motor por ruidos en el mismo. Pat. OBN 328 ..Como no me atiende nadie exijo el cambio del veh√≠culo. Ahora voy a saber si son una empresa seria.
2019-04-25 16:31:08,ornellaspadaro,@vwargentina  si quieren vender autos b√∫squense empleados que falten al respeto a n√∫meros desconocidos
2019-04-25 16:16:03,mitreyelcampo,La Divisi√≥n de Camiones y Buses de @Volkswagen Argentina ofrece financiaci√≥n para llegar a todos los modelos 0km üòâüòéüöò @carolina_jalon @vwargentina @VWAmarokArg https://t.co/gKzOAUFAo9 https://t.co/601S4miO4T
2019-04-25 15:48:22,bolche84,"@vwargentina hice un reclamo hace 20 d√≠as (error en facturaci√≥n) y no tuve ninguna respuesta. Mand√© mail, me comuniqu√©, Nadie sabe responderme pero cobrarme de m√°s, es autom√°tico"
2019-04-25 13:44:42,SebaDjoker,"@vwargentina hola, tienen idea de cu√°l es la m√∫sica que usan en este spot? https://t.co/3X0chIalXt"
2019-04-25 13:39:52,PodraSe,"@vwargentina son un desastreeeeee, imposible comunicarse con uds, 3 fallas en el auto comprado de cero y nadie se hace cargo"
2019-04-25 02:08:28,AmorArte_7,@dante_sica @mauriciomacri @NicoDujovne @CaroStanley Frenen a los estafadores @MundoMaipu @vwargentina cuotas impagables ! No se metan en los planes de ahorro
2019-04-25 02:07:08,AmorArte_7,@dante_sica @DiputadosAR A ver si hacen algo para frenar el aumento de los planes de autos! @mauriciomacri frenen a estos estafadores @MundoMaipu @vwargentina
2019-04-24 22:20:59,luigialmirall,@FBlancoM @DNDConsumidor @autoahorro_ @vwargentina @MundoMaipu @dante_sica Por favor una soluci√≥n para todos los que pagamos un veh√≠culo por autoplan Cuotas impagables . Una medida que las f√°bricas no sobrevaluan los autos 0km mes a mes.
2019-04-24 22:00:15,TiempoMotorARG,"Volkswagen present√≥ en el New York International Auto Show de 2019 en Estados Unidos, el Atlas Basecamp Concept @vwargentina https://t.co/7iFSjQDHbl"
2019-04-24 21:00:01,mitreyelcampo,Para recorrer los extensos campos argentinos elegimos el mejor veh√≠culo üòâüòé subite vos tambi√©n a una Volkswagen Amarok!üöò @carolina_jalon @vwargentina @VWAmarokArg https://t.co/TwgbvDbDOQ
2019-04-24 20:45:40,Soutomotor,@vwargentina quien redacta? Quien revisa? https://t.co/zIlQ5jnrzN
2019-04-24 20:39:18,NaCiWi2,"@vwargentina Tienen una p√©sima atenci√≥n telef√≥nica, 3 personas me atendieron y ninguna asesora correctamente."
2019-04-24 19:43:10,tthomas_12,Son un papelon @vwargentina mas de dos semanas y todavia no me consiguen la optica del auto...
2019-04-24 18:03:11,autofaro,"Finalmente Volkswagen devel√≥ en Shanghai a un nuevo integrante de la familia ID., el ROOMZZ, un todo terreno de emisiones cero. cc @vwargentina @vwargentinapr https://t.co/TySF9XShe7 https://t.co/ctipfe9bAt"
2019-04-24 16:04:05,mitreyelcampo,Amarok apuesta siempre por el campo y te trae una financiaci√≥n atractiva para que puedas acceder a tu primer Volkswagenüòâ @carolina_jalon @vwargentina @VWAmarokArg https://t.co/17Zud3kQVG https://t.co/kLSJn9hzlJ
2019-04-24 15:31:03,gustavoseifer,@vwargentina Hola. Donde consigo el neumatico del Vento Highline. Bridgestone Ecopia 205/55 R17 ?? Gracias
2019-04-24 15:09:01,nachonolazco,@SacaloEnSegunda @vwargentina @Autoblogcomar @rafaeldudamel Quedate con el golf
2019-04-24 11:45:46,MartinAbilleira,"@SacaloEnSegunda @vwargentina @Autoblogcomar @rafaeldudamel Seg√∫n ficha tecnica de vw tiene caja tiptronic, no dsg."
2019-04-24 11:18:57,autoexecutiveAR,"#VWFinancialServices con catarata de cr√©ditos para Amarok, tasas y plazos atractivos en financiaci√≥n. Prepara lanzar cr√©ditos en el transporte con @vwargentina @VWCamionesBuses. Lo explica Luis Fernandez Aguirre. Miralo en AutoexecutiveTV o ac√°üëâhttps://t.co/yz9VjaDyAw https://t.co/osUvTQw8WG"
2019-04-24 08:06:29,PoemasdemiBaul,A ver quien se preocupa y ocupa de los empleados de Concesionario Oficial Guido Guidi SA. - Volkswagen Sucursal Zona Sur que hace 90 dias que NO COBRAN y los tienen paseando de Sucursal en Sucursal  @sec_trabajo @ansesgob @AFIPcomunica @mauriciomacri @vwargentina
2019-04-24 04:11:02,AdrianMotta2345,"@SacaloEnSegunda @vwargentina @Autoblogcomar @rafaeldudamel sip, es DSG y tiene en vez del D = Drive, Modo S = Sport, pasa los cambios con un poco de mas Deportividad, y en D a la derecha tenes modo Secuencial, para pasar los cambios a lo TC, y por ahi capaz trae Levas en el Volante para tambi√©n pasar los Cambios como F1 o STC 2000"
2019-04-23 23:22:15,pablopaulon,@leticiaernes @julyaguero @vwargentina @VWAmarokArg Primero vamos a agotar las instancias administrativas...
2019-04-23 23:16:51,leticiaernes,@pablopaulon @julyaguero @vwargentina @VWAmarokArg Y sino siempre hay abogadas cerca!ü§£ü§£üí™üí™üòòüòò
2019-04-23 22:44:01,SacaloEnSegunda,"Consulta para @vwargentina   El Vento 1.4 Confortline y Highline tienen caja Tiptronic o DSG?  üßê@Autoblogcomar tiene la respuesta, como siempre:  https://t.co/tgA7m1howy  La foto en la Web de VW me genera @rafaeldudamel https://t.co/QGCmdrT0Is"
2019-04-23 21:27:01,mitreyelcampo,"En el campo o en la ciudad nos acompa√±a siempre nuestra Volkswagen Amarok, el veh√≠culo oficial de @mitreyelcampo !üòéüòé @carolina_jalon @vwargentina @VWAmarokArg https://t.co/eoQojcjzqX"
2019-04-23 19:00:46,WorldEnergyTrad,Volkswagen se une a la iniciativa blockchain para adquirir un importante mineral. ¬øSabes cu√°l es? ¬°Descubre aqu√≠! https://t.co/WkZoOHR8pk #News #BreakingNews #Today #23Abr #FelizMartes #Blockchain @vwargentina @Volkswagen_MX
2019-04-23 18:27:02,mitreyelcampo,Amarok firm√≥ un acuerdo de cooperaci√≥n con La Asociaci√≥n de Amigos de la Patagonia que lleva adelante el programa @ReforestArg para acompa√±ar las actividades de restauraci√≥n ecol√≥gica en la provincia de Chubut.  üòéüòé @carolina_jalon @vwargentina @VWAmarokArg https://t.co/Bz6OGm1YAX
2019-04-23 16:50:57,CivitJuancho,@pablopaulon @vwargentina @VWAmarokArg Te apoyo en esta pablo!!!! Al final todas las automotrices son iguales!!!!
2019-04-23 15:35:42,pablopaulon,@vwargentina @VWAmarokArg Decisi√≥n unilateral. Son juez y parte. Cerraron el caso sin averiguar. Nunca me llamaron por tel√©fono. @vwargentina
2019-04-23 15:34:53,pablopaulon,@vwargentina @VWAmarokArg Mi nombre es Cristian Ledesma y pertenezco al departamento de Atenci√≥n al cliente Post-venta en Fabrica Volkswagen Argentina.   reclamo n¬∞ 00837632
2019-04-23 14:44:05,pablopaulon,Que verg√ºenza @vwargentina te obligan a realizar service oficial para mantener garant√≠a del veh√≠culo y despu√©s no se hacen cargo del cambio de pieza. @VWAmarokArg
2019-04-23 10:22:23,autominuto,‚ö†Ô∏è A T E N C I √ì N ‚ö†Ô∏è @vwargentina llama a revisar unidades #Polo y #Virtus. ‚û°Ô∏èReparaci√≥n GRATUITA en talleres oficiales. ‚û°Ô∏è Todos los detalles üëâhttps://t.co/OA0KmmaDU3 #TuAutoSano https://t.co/lASEiSzNj0
2019-04-23 03:17:01,LopezCocho,Ya largamos @autosxtvok en la pantalla de @elgarage_tv com mucha info automotriz. @miguelsilva73 @fiatargentina #unoWay + @vwargentina con el nuevo #GOL @vwargentinapr @carolina_jalon + @Axeldellolio y la licencia P #Principiantes  los espero Gracias por venir de Copilotos üòÄüöó https://t.co/RVeqRdchVe
2019-04-23 02:28:46,PennySoChik,Hola @vwargentina  @espasa aparentemente ustedes sacaron un nuevo modelo y no me enter√©?  parece que viene directo de Alemania...con pronunciaci√≥n y todo! https://t.co/PZy4BsEcDD
2019-04-22 20:27:02,mitreyelcampo,"Les presentamos a nuestra Volkswagen Amarok personalizada, el veh√≠culo oficial de Mitre y el campo! üòéüòé @carolina_jalon @vwargentina @VWAmarokArg https://t.co/ZCOBtqAtCz"
2019-04-22 20:20:40,juandillon,"Adem√°s del detalle de quien espera que se le abra la puerta, otro detalle es que los espa√±oles elijan autos alemanes y @vw_es_prensa y @audispain @vwargentina https://t.co/orPOKI2NMm"
2019-04-22 15:37:50,DNDConsumidor,"@Marcel0_SL @vwargentina @MaynarOnline ¬°Hola! Todo producto nuevo tiene una garant√≠a legal de 6 meses. Si falla, la empresa debe repararlo, pod√©s reclamar ac√° ‚Üí https://t.co/VI6XE5CVmb."
2019-04-22 15:10:04,mitreyelcampo,"¬®Nuestras bicicletas VW nos ayudan a potenciar cada vez m√°s el trabajo de concientizaci√≥n y compromiso por la seguridad vial y la #movilidadsustentable . ¬® afirma Martin Seybold, Gte de Post Venta Corporativa de Volkswagen Argentina üòéüòé @carolina_jalon @vwargentina @VWAmarokArg https://t.co/VeDd0XU4IH"
2019-04-22 01:50:15,PabloHochegger,Sab√≠as que @vwargentina en solo 3 a√±os triplic√≥ el valor de sus 0km solo en el caso de los planes #Autoahorro ? Un abuso de posici√≥n dominante que perjudica a los compradores de autos m√°s humildes. Claro que para comprar en un pago tenes precios de ‚Äúoferta‚Äù.
2019-04-22 00:48:12,pablog_85,@juanchomdp @ahoramdp @vwargentina Y para vos tambi√©n @FordArgentina1
2019-04-21 14:08:05,juanchomdp,@ahoramdp Tel√©fono @vwargentina
2019-04-20 21:02:53,autofaro,El flujo de la corriente de aire que afectar√° al Volkswagen ID. R que ir√° por el r√©cord en N√ºrburgring es de los trabajos intenso de los ingenieros. cc @vwargentina @vwargentinapr https://t.co/gSbCpla4s9 https://t.co/G9mBixSu1Y
2019-04-20 15:07:10,FrancoDCabral5,"Hola @vwargentina, ya que el Club Atl√©tico San Miguel est√° con falta de Gol, podr√≠an donarnos uno? Muchas gracias, hasta luego"
2019-04-20 14:54:14,InfoAutoAr,#VolkswagenVeh√≠culosComerciales empez√≥ con √©xito el ejercicio 2019 @vwargentina #InfoAuto23a√±os - Las ventas de la divisi√≥n comerciales creci√≥ a nivel mundial un 9.4% en estos tres primeros meses del a√±o. L√©elo en la web de @InfoAutoAr (https://t.co/sypF3AYNiV) https://t.co/Jj6E6GLcmp
2019-04-19 17:13:20,PabloHochegger,Los cacos de @vwargentina te ponen el nuevo Polo a 568 lucas (Para comprarlo) y si estas pagando un Gol pedorro por #Autoahorro te lo ajustan a $640.000 porque la cuota ajusta en base al precio de lista. #LaTrampaDeLosPlanesDeAhorro https://t.co/uz5sUZCa0A
2019-04-19 16:37:53,InfoAutoAr,#Volkswagen presenta la pick-up #Tarok en Estados Unidos @vwargentina #InfoAuto23a√±os - Un directivo dijo que en ese mercado podr√≠a ofrecerse a un precio de alrededor de los U$S 20.000. L√©elo en la web de @InfoAutoAr (https://t.co/o6PIFhmmjc) https://t.co/gSgscosCNt
2019-04-19 16:02:27,gerduva,"@vwargentina hoy recib√≠ el llamado numero 1000 en un a√±o y 3 meses para preguntarme porque cancele un plan cuando ya hab√≠a retirado otro modelo. Que servicio malo! Malisimo! Aviso, la proxima sale denuncia y carta documento"
2019-04-19 16:01:46,BlancoWall_E,Cuanto cuesta una #Amarok  @vwargentina  Para ese sistema de mierda para sacar el auxilio.  Se traba. Se queda engranado.  Una aut√©ntica bosta.  Igual para todas las marcas. https://t.co/CRPfeLCVxr
2019-04-19 15:56:13,maestrodelasado,@vwargentina #Amarok en Mar De Las Pampas https://t.co/4CQkBLXe1m
2019-04-19 14:16:04,mitreyelcampo,La Divisi√≥n de Camiones y Buses de @Volkswagen Argentina ofrece financiaci√≥n para llegar a todos los modelos 0km üòâüòéüöò @carolina_jalon @vwargentina @VWAmarokArg https://t.co/gKzOAUFAo9 https://t.co/bmKal421MT
2019-04-19 12:51:11,Marcel0_SL,@DNDConsumidor que hacer ante la entrega de @vwargentina de un auto con ruidos en frenos? El concesionario @MaynarOnline no me recibi√≥ el auto para su revisi√≥n.
2019-04-19 12:49:35,Marcel0_SL,@vwargentina esperando respuesta x la anomal√≠a en frenos de un golf 0km. Ning√∫n responsable se comunic√≥ conmigo de acuerdo a lo que me respondieron x privado hace 2 d√≠as. @DNDConsumidor
2019-04-19 12:39:13,46Pablo21,"A pocos d√≠as del Rally Argentina, comparto un recuerdo de lo que fue el 2016. #RallyArgentina #VW #WRC officialwrc volkswagen volkswagenmotorsport @vwargentina @rallyargentina en C√≥rdoba,‚Ä¶ https://t.co/8tgXAE4LkN"
2019-04-18 23:03:49,mfmagnettoOK,"Ya estamos motorizados... Bobina de encendido, cables y bujias... Un regalo. $24200 Gracias @vwargentina üò± https://t.co/N84UQxnJDT"
2019-04-18 20:16:01,mitreyelcampo,Amarok apuesta siempre por el campo y te trae una financiaci√≥n atractiva para que puedas acceder a tu primer Volkswagenüòâ  #Expoagro2019 @carolina_jalon @vwargentina @VWAmarokArg https://t.co/17Zud3kQVG https://t.co/QCUoeX6JRB
2019-04-18 19:11:28,autofaro,"Volkswagen planea una creciente participaci√≥n de los SUV en sus ventas en China, y tambi√©n en otros en segmentos en expansi√≥n. cc @vwargentina @vwargentinapr https://t.co/KzHRalbiZk https://t.co/lSSCuqxAZ4"
2019-04-18 16:56:08,autofaro,"La f√°brica de Volkswagen en Dresde suma puntos de recarga de autos el√©ctricos adicionales, en conjunto con la empresa ChargeX. cc @vwargentina @vwargentinapr https://t.co/79PpO5EfSX https://t.co/FcU5Xw1AEl"
2019-04-18 12:49:23,fraiz70,"@vwargentina Buen dia necesito hacer un cambio de aceite en un service de ustedes pero quiero saber costos, mi gol trend es 2013 y tiene mas de 45k km, no esta en su site esa info gracias"
2019-04-18 11:30:00,InfoAutoAr,Lo m√°s le√≠do de ayer en la web de @InfoAutoAr fue el informe de los nuevos tres SUVs que #Volkswagen present√≥ en China (https://t.co/Am5dFvwgY2) @vwargentina https://t.co/xt7UANmq7R
2019-04-18 07:13:13,Rulymanso,"Recordamos en formato #Blog y de manera permanente, al genial, vers√°til y equilibrado, #Volkswagen Tiguan Allspace. https://t.co/JGlIT0dqFG @vw_es_prensa @VWMConde @VW_es @volkswagen @UralMotorBurgos @Volkswagen_MX @Grupo_Ureta @vwargentina"
2019-04-18 03:54:30,chupaxixi,"@volkswagen Esta lindis el electrico chicos! Cuando la van a poder vender en la Argentina üá¶üá∑ hecha mierda de @mauriciomacri , habra q esperar que vuelva @CFKArgentina y se active el consumo interno? @vwargentina"
2019-04-17 23:33:49,autofaro,"La ciudad de Salta albergar√° la primera realizacion del Truck Forum 2019, que lleva adelante Volkswagen Camiones y Buses. cc @VWCamionesBuses @vwargentina @vwargentinapr https://t.co/VRCOrasgqu https://t.co/4neTN9bn71"
2019-04-17 21:13:55,jcvautos,Novedades @vwargentina por @Mitreylosautos . Ma√±ana nuevos Gol/Vento/T-Cross/Amarok 258 CV prog CadaMa√±ana MLongobardi @MartinMassimino @guglielmofadda @nmatavos @tomasamorena @carolina_jalon @glombardi23
2019-04-17 20:45:00,InfoAutoAr,"#Volkswagen Teramont X, SUV Coup√© y SMV, presentaci√≥n en China @vwargentina #InfoAuto23a√±os - Se trata del coup√© del Atlas, del coup√© del Tayron y de un nuevo SUV grande. L√©elo en la web de @InfoAutoAr (https://t.co/Am5dFvwgY2) https://t.co/xzrrBgCZw3"
2019-04-17 19:24:11,autofaro,"Para llegar a punto para buscar el r√©cord en el Nordschleife con el ID. R, Volkswsagen hace simulaciones en computadora, con varios beneficios. cc @vwargentina @vwargentinapr https://t.co/MCZJmNLlUg https://t.co/sUVwMuDQsr"
2019-04-17 19:05:05,mitreyelcampo,"Chubut contin√∫a afectada por la temporada de incendios forestales del 2015, m√°s de 40.000 hect√°reas de bosque nativo fueron destruidas. Volkswagen Amarok aporta su apoyo a la restauraci√≥n del bosque üòéüòé @carolina_jalon @vwargentina @VWAmarokArg https://t.co/ZOZ3sN1KTu"
2019-04-17 18:57:24,16valvulas,"Sal√≥n de Shangai: #Volkswagen present√≥ el #SUV Coup√© Concept y #SMV, exclusivos para China @vwargentinapr  @vwargentina  https://t.co/qNgIG6fWYM https://t.co/RCj0Pez0dZ"
2019-04-17 17:40:26,autofaro,Volkswagen Amarok respaldar√° a la Asociaci√≥n de Amigos de la Patagonia en su programa ReforestArg de recuperaci√≥n en Chubut. cc @vwargentina @VWAmarokArg @vwargentinapr https://t.co/6Eb33CdVF6 https://t.co/DgSgRnW3Bo
2019-04-17 15:10:04,mitreyelcampo,"Les presentamos a nuestra Volkswagen Amarok personalizada, el veh√≠culo oficial de Mitre y el campo! üòéüòé @carolina_jalon @vwargentina @VWAmarokArg https://t.co/nJE8t5COET"
2019-04-17 14:40:44,lolagattinoni,¬øAlguien sabe donde puedo cambiar las pastillas de fren de mi @vwargentina #Golf y no me maten? ¬øSaben aprox cuanto podrian salir?
2019-04-17 14:27:12,autofaro,Volkswagen Argentina anunci√≥ la Escuela de Posgrado de la UTN Gral. Pacheco y el Instituto Dr. Ferdinand Porsche dictar√°n dos diplomaturas. cc @vwargentina @vwargentinapr https://t.co/iCQ9gt9pFr https://t.co/zBX7W1vNvR
2019-04-17 13:59:21,safatelmoOk,Explicamelo!!! Un #Volskgawen #Gol  VALOR en el #PlanAhorro $ 611.640.-  VALOR DEL SEGURO Modelo 2018  $ 329.000.-  ALGO ANDA MAL!! @vwargentina @Gatosylvestre @robdnavarro @C5N #BuenMiercoles üôÑ https://t.co/1gdGK1UAUn
2019-04-17 13:56:25,ConteJose,3ra vez que vuela el Fender de mi @VWAmarokArg por el simple hecho de andar / Lo tengo que comprar de nuevo? // No parece una 4x4. ü§¶üèº‚Äç‚ôÇÔ∏è@vwargentina https://t.co/YfyTxbF8Ze
2019-04-17 12:40:58,16valvulas,Sal√≥n de Shangai: #Volkswagen present√≥ el I.D. #Roomzz @vwargentina  @vwargentinapr  https://t.co/2CxjUakblD https://t.co/EG879xnxZj
2019-04-17 12:31:24,InfoAutoAr,"#Volkswagen Teramont X, SUV Coup√© y SMV, presentaci√≥n en China @vwargentina #InfoAuto23a√±os - Se trata del coup√© del Atlas, del coup√© del Tayron y de un nuevo SUV grande. L√©elo en la web de @InfoAutoAr (https://t.co/Am5dFvwgY2) https://t.co/7oLEcyBbOp"
2019-04-17 06:51:57,SONIBEJAS,"@vwargentina la cuota de este mes ha venido sumada con la del mes anterior, que ya fue pagada. Me informa c√≥mo hago para pagar solo est√° cuota? C√≥mo consigo el cup√≥n de pago por el monto correcto? Sonia Valeria Sosa Grupo 4690 orden 142"
2019-04-17 01:16:07,luigialmirall,@MundoMaipu @vwargentina @NicoDujovne @DNDConsumidor @todonoticias Traten por favor el tema de Autoplanes de Ahorros para obtener un veh√≠culo las f√°bricas sobrevaluan los precios de los 0km y pagamos cuotas que ya se hacen impagables.
2019-04-16 21:27:02,mitreyelcampo,Amarok firm√≥ un acuerdo de cooperaci√≥n con La Asociaci√≥n de Amigos de la Patagonia que lleva adelante el programa @ReforestArg para acompa√±ar las actividades de restauraci√≥n ecol√≥gica en la provincia de Chubut.  üòéüòé @carolina_jalon @vwargentina @VWAmarokArg https://t.co/ED09wMe4Ep
2019-04-16 19:23:27,Marcel0_SL,@iProfesional @vwargentina Publiquen los reclamos y la falta de atenci√≥n a usuarios tambi√©n. Atenci√≥n a clientes de VW no me da respuesta al problema con el concesionario Maynar por ruidos en los frenos de un golf 0km
2019-04-16 18:35:03,autominuto,‚ö†Ô∏è A T E N C I √ì N ‚ö†Ô∏è @vwargentina llama a revisar a los #VWPassat. ‚û°Ô∏èReparaci√≥n GRATUITA solo en talleres oficiales.  ‚û°Ô∏èLas unidades afectadas üëâ https://t.co/GX8v45KWL9 #TuAutoSano https://t.co/FN3UNQgYRX
2019-04-16 17:59:07,Julian40393012,"Estimados @vwargentina, necesito entender la raz√≥n por la que no cumplen con la bonificaci√≥n de las √∫ltimas 6 cuotas habiendo abonado todo en tiempo y forma, gracias .JR"
2019-04-16 17:00:18,mitreyelcampo,Para recorrer los extensos campos argentinos elegimos el mejor veh√≠culo üòâüòé subite vos tambi√©n a una Volkswagen Amarok!üöò @carolina_jalon @vwargentina @VWAmarokArg https://t.co/3g5QmOlrZF
2019-04-16 16:44:24,ecastro78,Puede ser que @vwargentina solo haga respuestos para autos de hasta 5 a√±os? Que hago con un auto VW que tiene m√°s de de 5 a√±os y tiene un problema?
2019-04-16 13:59:35,TiempoMotorARG,Volkswagen present√≥ el ID Roomzz @vwargentina https://t.co/ajiTZHaYEB
