2018-09-26 21:33:30,jucarossia,pagas una fortuna para tener un servicio pesimo y en atenci√≥n al cliente no te saben responder ni cuanto es 2+2. Los odio @fibertel
2018-09-26 21:13:42,CableFibertel,@gonzalobenoffi @fibertel Hola. Te respond√≠ por DM.
2018-09-26 21:11:24,gonzalobenoffi,@CableFibertel @fibertel quiero dar de baja el debito automatico y pagar la factura de este mes con otro medio. gracias!
2018-09-26 20:56:47,JavierCiani,@pablomcortez @NicoRomano04 @fibertel Por lo menos ahora no viven taaaaan lejos uno del otro ja!
2018-09-26 20:55:30,CamiMaffini,3 d√≠as sin internet en el edificio y van.. dijeron que ven√≠an hoy a arreglarlo y sigue todo igual. Urgente una soluci√≥n!!!!! @CableFibertel @fibertel
2018-09-26 20:54:42,pablomcortez,"@JavierCiani @NicoRomano04 @fibertel üëèüèªüëèüèªüëèüèª, pasa por casa tambi√©n!!! Thanks you!!!"
2018-09-26 20:54:01,JavierCiani,@NicoRomano04 @fibertel Pronto les llevo de regalo... Yo no puedo ü§ê
2018-09-26 20:52:43,NicoRomano04,@JavierCiani @fibertel Las puertas de mi casa estan abiertas! Trae sandwichitos!!
2018-09-26 20:46:09,JavierCiani,"@NicoRomano04 Mi queja es para @fibertel puntualmente, que tiene un servicio de mierda y no te deja laburar."
2018-09-26 20:39:52,DNDConsumidor,"@rodrixparedes @CableFibertel @fibertel ¬°Hola! La empresa debe garantizar el servicio, reintegrarte todas las interrupciones y brindarte correcta atenci√≥n. Reclam√° ac√° ‚Üí https://t.co/VI6XE5CVmb."
2018-09-26 19:29:20,DNDConsumidor,"@maggieiglesias @BAconsumidor @CableFibertel @fibertel ¬°Hola! La empresa debe garantizar el servicio, reintegrarte todas las interrupciones y brindarte correcta atenci√≥n. Reclam√° ac√° ‚Üí https://t.co/VI6XE5CVmb."
2018-09-26 19:25:51,DNDConsumidor,"@juangazzola @CableFibertel @fibertel ¬°Hola! La empresa debe garantizar el servicio, reintegrarte todas las interrupciones y brindarte correcta atenci√≥n. Reclam√° ac√° ‚Üí https://t.co/VI6XE5CVmb."
2018-09-26 18:59:08,marugermino,Peor internet del mundo @fibertel
2018-09-26 17:03:15,identidadusada,"Simplemente heeeermoso lo de Juan Carlos @CableFibertel... Pasan a instalar, le permitis pasar al ba√±o y te orinan todo el suelo... üò°üò°üò° Ya saben, si contratan @fibertel no los dejen pasar al ba√±o"
2018-09-26 16:39:08,JULESASFUCK,@fibertel les deje una duda x dm
2018-09-26 16:04:40,FernandaMarBer,"Gracias, queride @fibertel, por tenerme toda la ma√±ana, yendo para la tarde a paso seguro, sin Internet y sin poder trabajar!! Qu√© bueno que el servicio es gralm' excelente... ah, no, par√°!!"
2018-09-26 15:15:11,CableFibertel,"@MeeeLy @fibertel Hola, seguinos y envianos por DM el DNi del titular para ayudarte, te esperamos."
2018-09-26 15:15:11,Deboh_oviedo,#Machirulo ‚Å¶@CableFibertel‚Å© ‚Å¶@fibertel‚Å© en vez de preocuparse por quien toma las decisiones xq no arreglan internet q desde q cambiaron las cajas externas hace 4 meses q anda como el culo en todos lados üòò la fusi√≥n se ve q no los favoreci√≥ mucho https://t.co/52YKet7ama
2018-09-26 15:13:11,MeeeLy,@CableFibertel @fibertel estoy cansada de su mal servicio. Bastante caro para lo que es. Urgente quiero Internet xq estoy trabajando y no puedo esperar 3 hs como me dicen x tel. Hace ya varios meses q deber√≠an haber enviado t√©cnico a mi domicilio pero no quieren arreglar parece
2018-09-26 15:11:22,GabyAsborno,"Estoy tan enojada con @fibertel !! Me dejaron 4 d√≠as sin internet (estoy usando la red del celu) xq era un problema particular y ten√≠a turno hoy para la visita t√©cnica, esperando se me ocurre preguntar. Me cancelaron la visita sin avisar! xq es un problema de zona üò°"
2018-09-26 14:36:47,NatiCorttes,Qu√© raro @fibertel funcionando como el culo üò†ü§¨
2018-09-26 13:43:21,franciscoakinch,"@SebbaParra @fibertel Rompele las pelotas por aca, a ver si se dignan a responder el reclamo"
2018-09-26 13:36:41,SebbaParra,"@franciscoakinch @fibertel @fibertel prometo hacerles la peor publicidad que pueda en cualquier √°mbito. Su servicio de internet es espantoso y lento como ning√∫n otro, y su atenci√≥n al cliente es deplorable."
2018-09-26 13:30:34,mujercecilia17,Quiero agradecer la atencion de favio del servicio tecnico de @fibertel @CableFibertel que vino a mi domicilio en el dia de la fecha. Su atencion ha sido excelente.
2018-09-26 13:26:36,franciscoakinch,"@SebbaParra @fibertel Es una mierda, yo todos los putos dias tengo problemas con el internet"
2018-09-26 13:23:04,SebbaParra,"Tan mal me puede andar internet loco? Siglo XXI,  @fibertel como pod√©s tener un servicio tan nefasto ? En el 99' ten√≠a la misma velocidad que la que tengo ahora ü§¶üèΩ‚Äç‚ôÇÔ∏è"
2018-09-26 12:42:50,Willy535,"@fibertel te vamos a hacer el monumento al micro corte, LPM."
2018-09-26 12:26:00,emboole,@fibertel buen d√≠a! me acaban de llamar del ivr por falta de pago. Hab√≠a ingresado con tarjeta de cr√©dito el pago hace unos d√≠as. Podr√≠an verificar si pas√≥? en todo caso me gustar√≠a adem√°s adherirme por tarjeta de cr√©dito a pago autom√°tico (y no con cbu)
2018-09-26 12:18:04,GashoRizzotti12,"Hace 1hs estoy esperando, la concha de tu madre @fibertel"
2018-09-26 11:16:05,MLaura_Lastres,Esto tambi√©n es culpa m√≠a @fibertel ? La √∫ltima vez me dijeron que los microcortes era debido a la cantidad de aplicaciones... Y ahora? https://t.co/GgOrqk9E5z
2018-09-26 10:59:22,RossoMateo,"@GianellaTorresi @fibertel Jajajajajajaj eso le pasa por in√∫tiles, y si vierad ya lo que le hab√≠a escrito ayer al mediod√≠a y ante ayer.."
2018-09-26 10:18:49,GianellaTorresi,@RossoMateo @fibertel JAJAJAJAJAJAJAJAJJAJA TE DA LA CARA PARA TODOOO
2018-09-26 05:12:42,RossoMateo,Jajajajaj @fibertel me ama.. Son unos Laverni cualquiera HDMY. https://t.co/0DOb2udfQ5
2018-09-26 04:14:58,guidomr,Le pagas a @fibertel por 100mb y no te dan ni 1... p√©simo servicio y para el colmo te aumentan la factura.
2018-09-26 03:32:02,AlexisLucx,@fibertel contrat√© 25 Megas y funciona as√≠ üëáüèª https://t.co/fZTUQNed7k
2018-09-26 03:31:16,LauraGrand4,@Fabrizio0274 @fibertel Contate otra üòÇ
2018-09-26 02:09:36,Alejandro_N12,@Florchipiniero @fibertel Aplicaron un filtro anti salames
2018-09-26 01:31:32,nicoianno,@fibertel no puede ser q no me ande  el wifi todos los datos me gaste
2018-09-26 01:30:33,RAIMUNDIOS,.@CableFibertel @fibertel arreglen la caja que distribuye la se√±al a la zona de wilde/dominico. https://t.co/0tofj6fRXk
2018-09-26 01:00:48,lelejdjd,@fibertel se√±ores de forma Fibertel escribo para quejarme por la falta de servicio de internet. Me hacen nota de cr√©dito por esto?
2018-09-26 00:10:25,anabeltorreb,"@fibertel m√°s de 12 hs sin funcionar, que servicio de mierda"
2018-09-25 23:53:05,antyUrsula,Funcionas mal al igual que @fibertel pero... gracias Dior por darnos #Flow Me ahorras tener que ver a la caterva de #LloronasDePauta x la TV abierta.
2018-09-25 23:36:48,Lukas447P,Que mal esta funcionando Internet!! Solucionenlo por favor @fibertel @CableFibertel !!!!!!!!
2018-09-25 23:36:08,ernestocedron,"@fibertel sin servicio nuevamente, casi todos los d√≠as me pasa que se corta Internet. Y te cobran 1200 pesos!!!"
2018-09-25 23:31:59,luciano_bio,@CableFibertel @fibertel ah√≠ respond√≠ por DM.
2018-09-25 23:25:09,NNico_a,Ya seria hora de que devuelvan la Internet @fibertel
2018-09-25 22:46:48,MaaxiDelgadino,@MicaelaCetola @fibertel La boludeada del a√±o ajajjajajajajajjajajajajja
2018-09-25 22:31:42,Fran_Albertario,@fibertel me podes hacer andar el wifi la pita madre? Gracias
2018-09-25 22:15:57,facbalseiro,Ustedes tambi√©n se unieron al paro no @fibertel ?
2018-09-25 22:03:21,marioclep,Hola @fibertel les dej√© un DM. Favor de responder a la brevedad. Gracias
