id,timestamp,name,mensaje,positividad
c,s,s,s,d
meta,meta,meta,,class
1,2018-09-26 20:57:54,victor00798,@InfoAutoAr @vwargentina HERMOSO,Positivo
2,2018-09-26 20:51:18,raulbarcelook,"DESDE BOXES x El Garage hoy 19 H Temario @Toyota_Arg present√≥ el Yaris fabricado en Brasil! @vwargentina el Vento motor 1.4 T En su cumplea√±os 80,O Berta recuerda al Berta LR! +del @citroenarg C4 Cactus 1-2 de @RenaultArg en STC2000   Conducci√≥n:Ra√∫l Barcel√≥ https://t.co/jxyJEubuGN",Neutro
3,2018-09-26 20:45:00,InfoAutoAr,"Los 10 puntos m√°s destacados del nuevo #Volkswagen #Vento @vwargentina - Este llega con dos niveles de acabado (Comfortline y Highline) y, con el motor naftero de 1.4L TSI de 150 CV (7AT Tiptronic). L√©elo en la web de @InfoAutoAr (https://t.co/oqp91AEfiz) https://t.co/Zda3lLZ5jO",Positivo
4,2018-09-26 20:24:04,CallSaulCall,@vwargentina Qu√© me importa Cerro Bayo si me roban para hacer un service obligatorio para conservar la garant√≠a. Chorros!,Negativo
5,2018-09-26 20:22:51,CallSaulCall,@vwargentina Uds est√°n locos. El service de 20MKm del Vento sale 14.000 pesos y no es m√°s que el cambio de aceite (que cuesta 4.000 en cualquier buen service no VW). Porqu√© abusan. Dejar√© la marca en el pr√≥ximo cambio de auto. Roben a otros y mientan con las emisiones,Negativo
6,2018-09-26 18:00:01,Totalmedios_com,"@tudiscovery pone en pantalla ""Naturaleza Salvaje By Amarok"" @VWAmarokArg  @vwargentina #FedericoAmador   https://t.co/AApSOEltPf https://t.co/rEdJApLY6G",Neutro
7,2018-09-26 17:13:01,TheBrandSoup,COBERTURA https://t.co/dlhRdsAoUE - VW AMAROK y su NATURALEZA SALVAJE en DISCOVERY Channel. Enterate todo sobre esta producci√≥n conducida por Federico Amador en nuestra nota de cobertura. @tudiscovery @VWArgentina @carvajalprteam @CableFibertel https://t.co/9kzPEPrRZi https://t.co/QknsmtRyEW,Neutro
8,2018-09-26 17:12:46,chupaxixi,@Volkswagenplann Esto m parece trucho @vwargentina,Negativo
9,2018-09-26 16:25:06,LilyyDanil12,"@InfoAutoAr @vwargentina En nuevo Vento, esta buena hasta la publicidad! Que auto, con esa combinaci√≥n de sedan de lujo y deportividad! üòäüòäüëçüëçüëçüëç",Positivo
10,2018-09-26 15:58:11,InfoAutoAr,"El nuevo #Volkswagen #Vento se ofrece con dos tipos de #financiaci√≥n @vwargentina - A trav√©s de su compa√±√≠a financiera, Volkswagen Financial Services, la firma alemana otorga pr√©stamos prendarios para todos sus modelos. L√©elo en la web de @InfoAutoAr (https://t.co/rOMFNVRJXe) https://t.co/PzGyeLDi9a",Neutro
11,2018-09-26 14:42:44,FormulaAutoFM,#NoSoporto ver dise√±os como estos y no tener una combi as√≠. ¬°La queremos de regreso!!! #LaCombiDelD√≠a @Volkswagen_MX @VW @VW_es @vwargentina @vwbrasil @cuartodemillamx @raton_miguelito @ArturoRiveraMTV Esc√∫chanos s√°bado y domingo 104.1fm y 1500 am https://t.co/2dYuxlufDn,Positivo
12,2018-09-26 14:29:13,autofaro,Las camionetas Volkswagen Amarok acompa√±aron la primera presentaci√≥n de la categor√≠a de pick-ups del TC en el Aut√≥dromo de La Plata. cc @vwargentina @VWAmarokArg https://t.co/3rrDxDZ51x https://t.co/7srgj0QAyx,Neutro
13,2018-09-26 14:08:58,Lucho0706,"@vwargentina  CALL CENTER DE VW UN DESASTRE 52 MINUTOS DE ESPERA (14 PERSONAS ANTES), DEJAS RECLAMOS NADA, ENVIAS MAIL, NO CONTESTAN, FIGURO COMO DEUDOR Y TENGO DEBITO AUTOMATICO, VERGUENZA",Negativo
14,2018-09-26 13:53:31,Carscomar,"üì∫Cars TV  Programa con un cl√°sico SUV japon√©s Probamos la renovaci√≥n de la Honda CR-V, un emblema de la marca y del segmento. Adem√°s, lanzamiento de @citroenarg C3 Urban Trail y el stand de @vwargentina en La Rural.  https://t.co/C8D40NKulU https://t.co/p20gszRY74",Neutro
15,2018-09-26 13:47:55,autofaro,"Junto con la presentaci√≥n del Volkswagen Vento, dio inicio su comercializaci√≥n, que pone en el mercado local dos versiones. cc @vwargentina https://t.co/cstARG7YRE https://t.co/QDWj9oYIhW",Neutro
16,2018-09-26 12:20:02,InfoAutoAr,"Los 10 puntos m√°s destacados del nuevo #Volkswagen #Vento @vwargentina - Este llega con dos niveles de acabado (Comfortline y Highline) y, con el motor naftero de 1.4L TSI de 150 CV (7AT Tiptronic). L√©elo en la web de @InfoAutoAr (https://t.co/oqp91AVQH9) https://t.co/7u4X2qUHfE",Positivo
17,2018-09-26 02:12:57,gastonmazzacane,Arrancamos üëèüëèüëè #tcpickup 2018 #autodromomouras @actcargentina #videoclip by @bernabosco y gracias infinitas al @coirodoleracing @vwargentina #amarok #GM5 ‚ö°Ô∏è https://t.co/ACbmXtNG7f,Positivo
18,2018-09-25 22:47:30,autofaro,"Volkswagen tuvo presencia en la Feria Forestal Argentina que se llev√≥ a cabo en el Parque del Conocimiento en Posadas, Misiones. cc @vwargentina @VWCamionesBuses https://t.co/63Wx9SoAbc https://t.co/agFOCMqYHJ",Neutro
19,2018-09-25 22:08:42,ArnaldoPoggiali,@vwargentina Nadie me supo decir el porqu√© le sacaron la caja de 7 velocidades DSG para ponerle una de 6 y TRIPTRONIC ... es m√°s quien fue de Salta por una concesionaria local les hizo la pregunta y lo ignoraron.,Negativo
20,2018-09-25 20:38:47,carlosdsaavedra,DEJATE LLEVAR POR EL VENTO https://t.co/YeUyvNx47p v√≠a @Visi√≥n Auto @vwargentina,Neutro
21,2018-09-25 19:35:54,diego_tiseira,@DNDConsumidor @vwargentina @DPNArgentina Gracias,Positivo
22,2018-09-25 19:35:11,DNDConsumidor,@diego_tiseira @vwargentina @DPNArgentina ¬°Hola! La empresa debe ofrecerte trato digno y correcta atenci√≥n. Reclam√° ac√° ‚Üí https://t.co/VI6XE5CVmb.,Neutro
23,2018-09-25 18:36:29,dcoronel,"#TCPickUp. Martin Sorrondegui, gerente de ventas de @vwargentina: ""ntro. acuerdo abarca la incorporaci√≥n de nuestras Amarok como veh√≠culos de rescate. Las Amarok que compitan lo har√°n de forma privada y por decisi√≥n de cada equipo"". V√≠a @visionautoarg",Neutro
24,2018-09-25 18:25:44,FlipiMcGough,Nuevo #VW #Vento de @vwargentina üôåüôåüôåüôå Este s√°bado todos los detalles en #CentralFOXNitro #Industria #FOXSports3 tomasamorena @carolina_jalon @ Greater Buenos Aires https://t.co/ylPV8Wg2dj,Neutro
25,2018-09-25 17:50:19,GuidoTonelli,Martes de producci√≥n para @routieretest con el @vwargentina #NuevoVento ‚úîÔ∏è https://t.co/zPT2l17ldL,Neutro
26,2018-09-25 16:52:53,cupandcakec,Pastel Combi Clasica @vwmx @VW @vwargentina @VWMexico @VWChile https://t.co/7xyjooiSS1,Neutro
27,2018-09-25 16:32:32,autofaro,La matriz MEB que recientemente presentara Volkswagen ser√° la piedra basal de los futuros modelos el√©ctricos de sus distintas marcas. cc @vwargentina https://t.co/IixeGa7Dwj https://t.co/awdYAtWcn6,Neutro
28,2018-09-25 16:06:45,FormulaAutoFM,#FelizMartes se√±ores‚Ä¶ ¬øDe qu√© sabor quieren su combi? #LaCombiDelD√≠a @Volkswagen_MX @VW @VW_es @vwargentina @vwbrasil @cuartodemillamx @raton_miguelito @ArturoRiveraMTV Esc√∫chanos s√°bado y domingo 104.1fm y 1500 am https://t.co/1bsGtoVKDh,Neutro
29,2018-09-25 15:59:31,elinformatorio,"Volkswagen promueve pr√°cticas de sustentabilidad en la cadena de valor, junto a 80 proveedores @vwargentina @glombardi23 @LidiaSchmukler #auto #motor #RSE #RSC... https://t.co/Z46CayVt7P",Positivo
30,2018-09-25 15:43:36,agg2510,Los dise√±adores de las tazas de los autos. ¬øSaben que hay que lavarlas? Algunos dise√±os son imposibles.@vwargentina @FiatAutoArg @peugeotarg  @RenaultArg @ChevroletArg @citroenarg  #Ford,Negativo
31,2018-09-25 14:26:26,diego_tiseira,Impresentable la atenci√≥n al cliente de @vwargentina no responden por ning√∫n medio. @DNDConsumidor @DPNArgentina,Negativo
32,2018-09-25 13:34:02,IsabelPosse,"Finalmente la semana pasada @vwargentina y @AriasHnosVW, nos entregaron nuestro vehiculo, lo hemos probado durante el fin de semana y parece solucionado el problema. esperemos.......,  los gastos incurridos veremos como los recuperamos.",Negativo
33,2018-09-25 13:29:13,AutomundoARG,"Aqu√≠, todo lo que ten√©s que saber del #NuevoVento de @vwargentina, que se comercializa en las versiones Comfortline y Highline. #Datos, #Precios #Fotos #HayVideo. Hac√© click aqu√≠: https://t.co/UZNCYcg890 https://t.co/IZKSbby8PL",Neutro
34,2018-09-25 13:29:00,diegodurruty,"Aqu√≠, todo lo que ten√©s que saber del #NuevoVento de @vwargentina, que se comercializa en las versiones Comfortline y Highline. #Datos, #Precios #Fotos #HayVideo. Hac√© click aqu√≠: https://t.co/5WvVdIZjbz https://t.co/X3icMCcBmO",Neutro
35,2018-09-25 12:46:14,carlosdsaavedra,"‚ÄúNo asfixiamos a los concesionarios, no les mandamos unidades para que las vendan s√≠ o s√≠‚Äù https://t.co/wpkz8dlHOv v√≠a @Visi√≥n Auto @vwargentina",Positivo
36,2018-09-25 11:30:00,InfoAutoAr,Lo m√°s le√≠do de ayer en la web de @InfoAutoAr fue: (https://t.co/uDfw7CiDrM) @vwargentina https://t.co/Wfdw6CWAo6,Neutro
37,2018-09-25 09:14:19,vwcanarias,@mantovanimartin @UDLP_Oficial @vwargentina ¬øhan visto c√≥mo tratamos a los argentinos en Canarias? üòéüòéüá¶üá∑üáÆüá®,Positivo
38,2018-09-25 00:14:16,EmmanuelCatala,@vwargentina Buena @GioSimeone9 en la publicidad ü§ôü§ôü§ô,Positivo
39,2018-09-24 23:14:36,FormulaAutoFM,#ElTiempoSeVaVolandoCuando tienes una postal como esta. #FelizLunes se√±ores.  #LaCombiDelD√≠a @Volkswagen_MX @VW @VW_es @vwargentina @vwbrasil @cuartodemillamx @raton_miguelito @ArturoRiveraMTV Esc√∫chanos s√°bado y domingo 104.1fm y 1500 am https://t.co/KuDpIZldKw,Positivo
40,2018-09-24 22:59:54,KilometrosArg,"Todo sobre la nueva generaci√≥n del @vwargentina #Vento que cambi√≥ su plataforma, renov√≥ el dise√±o y sum√≥ equipamiento. https://t.co/hGYqsO5R9R",Neutro
41,2018-09-24 22:57:06,seroconese,@vwargentina una verg√ºenza! le sacaron la caja DGS,Negativo
42,2018-09-24 22:42:52,juanfran77mdp,"@vwargentina Publicidad üëé. El culto a la superficialidad.Pibe sale quejoso hasta q ve el 0km, padre haci√©ndose el piola con el autito, y por supuesto, la conexi√≥n entre ellos es v√≠a BT. Pat√©tica. #nuevovento",Negativo
43,2018-09-24 20:45:00,InfoAutoAr,#Volkswagen planea vender 150 mil #el√©ctricos en 2020: ‚ÄúElectric For All‚Äù @vwargentina - La firma alemana realiz√≥ el estreno mundial de su nueva plataforma modular de propulsi√≥n el√©ctrica (MEB) en #Dresde. L√©elo en la web de @InfoAutoAr (https://t.co/uDfw7CiDrM) https://t.co/lGZNxOnEsN,Positivo
44,2018-09-24 19:55:01,aguantemac,"@vwargentina che, muy rico todo. Pero el banner de Vento mal escrito es un baj√≥n. Suerte la pr√≥xima https://t.co/IXtCUu56pk",Negativo
45,2018-09-24 15:44:48,bufonn69,"@InfoAutoAr @vwargentina 1 palo .... un auto con un faltante  de equipamiento para ese precio ...  fueron para atr√°s con la caja autom√°tica , eje trasero, etc. . Me llama la atenci√≥n Vw!!!!",Negativo
46,2018-09-24 15:02:50,TiempoMotorARG,La nueva generaci√≥n del Volkswagen Touareg fue evaluada por #EuroNCAP y obtuvo la m√°xima puntuaci√≥n ‚ñ∫https://t.co/pa8IU3VQAA @vwargentina @LatinNCAP @EuroNCAP https://t.co/f9Y3imVEV2,Positivo
47,2018-09-24 14:44:38,DNDConsumidor,"@SidraMamacaida @war_maurice @vwargentina @espasa @radiomitre @clarincom Hola. ¬øYa reclamaste ante @DNDConsumidor? Si no, hacelo ac√° ‚Üí https://t.co/VI6XE5CVmb.",Neutro
48,2018-09-24 14:34:02,Algobiernoblog,@vwargentina Esta bien hacer eso? Cu√°nto es lo que verdaderamente vale? No tienen reclamos de @AFIPcomunica por ajustes de precios de transferencia?,Neutro
49,2018-09-24 13:45:04,fernagos,"@horacioalonso16 @vwargentina @Autoblogcomar igual, no creo. Autolatina fue un fracaso. Ford no va a bajarse con la pick up, despues de ser pionero durante decadas.",Negativo
50,2018-09-24 13:17:09,horacioalonso16,"La semana pasada en √Åmbito se adelantaban los planes de @vwargentina y Ford para producir una pickup ""integrada"" entre la Amarok y la Ranger en Pacheco. Hoy @Autoblogcomar avanza con el tema con m√°s informaci√≥n.  https://t.co/g0VZR1KJ6m https://t.co/r23SYWoo7K https://t.co/hQwMl7s7dO",Neutro
51,2018-09-26 21:33:30,jucarossia,pagas una fortuna para tener un servicio pesimo y en atenci√≥n al cliente no te saben responder ni cuanto es 2+2. Los odio @fibertel,Negativo
52,2018-09-26 21:13:42,CableFibertel,@gonzalobenoffi @fibertel Hola. Te respond√≠ por DM.,Neutro
53,2018-09-26 21:11:24,gonzalobenoffi,@CableFibertel @fibertel quiero dar de baja el debito automatico y pagar la factura de este mes con otro medio. gracias!,Neutro
54,2018-09-26 20:56:47,JavierCiani,@pablomcortez @NicoRomano04 @fibertel Por lo menos ahora no viven taaaaan lejos uno del otro ja!,Positivo
55,2018-09-26 20:55:30,CamiMaffini,3 d√≠as sin internet en el edificio y van.. dijeron que ven√≠an hoy a arreglarlo y sigue todo igual. Urgente una soluci√≥n!!!!! @CableFibertel @fibertel,Negativo
56,2018-09-26 20:54:42,pablomcortez,"@JavierCiani @NicoRomano04 @fibertel üëèüèªüëèüèªüëèüèª, pasa por casa tambi√©n!!! Thanks you!!!",Positivo
57,2018-09-26 20:54:01,JavierCiani,@NicoRomano04 @fibertel Pronto les llevo de regalo... Yo no puedo ü§ê,Positivo
58,2018-09-26 20:46:09,JavierCiani,"@NicoRomano04 Mi queja es para @fibertel puntualmente, que tiene un servicio de mierda y no te deja laburar.",Negativo
59,2018-09-26 20:39:52,DNDConsumidor,"@rodrixparedes @CableFibertel @fibertel ¬°Hola! La empresa debe garantizar el servicio, reintegrarte todas las interrupciones y brindarte correcta atenci√≥n. Reclam√° ac√° ‚Üí https://t.co/VI6XE5CVmb.",Neutro
60,2018-09-26 19:29:20,DNDConsumidor,"@maggieiglesias @BAconsumidor @CableFibertel @fibertel ¬°Hola! La empresa debe garantizar el servicio, reintegrarte todas las interrupciones y brindarte correcta atenci√≥n. Reclam√° ac√° ‚Üí https://t.co/VI6XE5CVmb.",Neutro
61,2018-09-26 19:25:51,DNDConsumidor,"@juangazzola @CableFibertel @fibertel ¬°Hola! La empresa debe garantizar el servicio, reintegrarte todas las interrupciones y brindarte correcta atenci√≥n. Reclam√° ac√° ‚Üí https://t.co/VI6XE5CVmb.",Neutro
62,2018-09-26 18:59:08,marugermino,Peor internet del mundo @fibertel,Negativo
63,2018-09-26 17:03:15,identidadusada,"Simplemente heeeermoso lo de Juan Carlos @CableFibertel... Pasan a instalar, le permitis pasar al ba√±o y te orinan todo el suelo... üò°üò°üò° Ya saben, si contratan @fibertel no los dejen pasar al ba√±o",Negativo
64,2018-09-26 16:39:08,JULESASFUCK,@fibertel les deje una duda x dm,Neutro
65,2018-09-26 16:04:40,FernandaMarBer,"Gracias, queride @fibertel, por tenerme toda la ma√±ana, yendo para la tarde a paso seguro, sin Internet y sin poder trabajar!! Qu√© bueno que el servicio es gralm' excelente... ah, no, par√°!!",Negativo
66,2018-09-26 15:15:11,CableFibertel,"@MeeeLy @fibertel Hola, seguinos y envianos por DM el DNi del titular para ayudarte, te esperamos.",Neutro
67,2018-09-26 15:15:11,Deboh_oviedo,#Machirulo ‚Å¶@CableFibertel‚Å© ‚Å¶@fibertel‚Å© en vez de preocuparse por quien toma las decisiones xq no arreglan internet q desde q cambiaron las cajas externas hace 4 meses q anda como el culo en todos lados üòò la fusi√≥n se ve q no los favoreci√≥ mucho https://t.co/52YKet7ama,Negativo
68,2018-09-26 15:13:11,MeeeLy,@CableFibertel @fibertel estoy cansada de su mal servicio. Bastante caro para lo que es. Urgente quiero Internet xq estoy trabajando y no puedo esperar 3 hs como me dicen x tel. Hace ya varios meses q deber√≠an haber enviado t√©cnico a mi domicilio pero no quieren arreglar parece,Negativo
69,2018-09-26 15:11:22,GabyAsborno,"Estoy tan enojada con @fibertel !! Me dejaron 4 d√≠as sin internet (estoy usando la red del celu) xq era un problema particular y ten√≠a turno hoy para la visita t√©cnica, esperando se me ocurre preguntar. Me cancelaron la visita sin avisar! xq es un problema de zona üò°",Negativo
70,2018-09-26 14:36:47,NatiCorttes,Qu√© raro @fibertel funcionando como el culo üò†ü§¨,Negativo
71,2018-09-26 13:43:21,franciscoakinch,"@SebbaParra @fibertel Rompele las pelotas por aca, a ver si se dignan a responder el reclamo",Negativo
72,2018-09-26 13:36:41,SebbaParra,"@franciscoakinch @fibertel @fibertel prometo hacerles la peor publicidad que pueda en cualquier √°mbito. Su servicio de internet es espantoso y lento como ning√∫n otro, y su atenci√≥n al cliente es deplorable.",Negativo
73,2018-09-26 13:30:34,mujercecilia17,Quiero agradecer la atencion de favio del servicio tecnico de @fibertel @CableFibertel que vino a mi domicilio en el dia de la fecha. Su atencion ha sido excelente.,Positivo
74,2018-09-26 13:26:36,franciscoakinch,"@SebbaParra @fibertel Es una mierda, yo todos los putos dias tengo problemas con el internet",Negativo
75,2018-09-26 13:23:04,SebbaParra,"Tan mal me puede andar internet loco? Siglo XXI,  @fibertel como pod√©s tener un servicio tan nefasto ? En el 99' ten√≠a la misma velocidad que la que tengo ahora ü§¶üèΩ‚Äç‚ôÇÔ∏è",Negativo
76,2018-09-26 12:42:50,Willy535,"@fibertel te vamos a hacer el monumento al micro corte, LPM.",Negativo
77,2018-09-26 12:26:00,emboole,@fibertel buen d√≠a! me acaban de llamar del ivr por falta de pago. Hab√≠a ingresado con tarjeta de cr√©dito el pago hace unos d√≠as. Podr√≠an verificar si pas√≥? en todo caso me gustar√≠a adem√°s adherirme por tarjeta de cr√©dito a pago autom√°tico (y no con cbu),Neutro
78,2018-09-26 12:18:04,GashoRizzotti12,"Hace 1hs estoy esperando, la concha de tu madre @fibertel",Negativo
79,2018-09-26 11:16:05,MLaura_Lastres,Esto tambi√©n es culpa m√≠a @fibertel ? La √∫ltima vez me dijeron que los microcortes era debido a la cantidad de aplicaciones... Y ahora? https://t.co/GgOrqk9E5z,Negativo
80,2018-09-26 10:59:22,RossoMateo,"@GianellaTorresi @fibertel Jajajajajajaj eso le pasa por in√∫tiles, y si vierad ya lo que le hab√≠a escrito ayer al mediod√≠a y ante ayer..",Negativo
81,2018-09-26 04:14:58,guidomr,Le pagas a @fibertel por 100mb y no te dan ni 1... p√©simo servicio y para el colmo te aumentan la factura.,Negativo
82,2018-09-26 01:31:32,nicoianno,@fibertel no puede ser q no me ande  el wifi todos los datos me gaste,Negativo
83,2018-09-26 01:30:33,RAIMUNDIOS,.@CableFibertel @fibertel arreglen la caja que distribuye la se√±al a la zona de wilde/dominico. https://t.co/0tofj6fRXk,Negativo
84,2018-09-26 01:00:48,lelejdjd,@fibertel se√±ores de forma Fibertel escribo para quejarme por la falta de servicio de internet. Me hacen nota de cr√©dito por esto?,Negativo
85,2018-09-26 00:10:25,anabeltorreb,"@fibertel m√°s de 12 hs sin funcionar, que servicio de mierda",Negativo
86,2018-09-25 23:53:05,antyUrsula,Funcionas mal al igual que @fibertel pero... gracias Dior por darnos #Flow Me ahorras tener que ver a la caterva de #LloronasDePauta x la TV abierta.,Negativo
87,2018-09-25 23:36:48,Lukas447P,Que mal esta funcionando Internet!! Solucionenlo por favor @fibertel @CableFibertel !!!!!!!!,Negativo
88,2018-09-25 23:36:08,ernestocedron,"@fibertel sin servicio nuevamente, casi todos los d√≠as me pasa que se corta Internet. Y te cobran 1200 pesos!!!",Negativo
89,2018-09-25 23:25:09,NNico_a,Ya seria hora de que devuelvan la Internet @fibertel,Negativo
90,2018-09-25 22:46:48,MaaxiDelgadino,@MicaelaCetola @fibertel La boludeada del a√±o ajajjajajajajajjajajajajja,Negativo
91,2018-09-25 22:31:42,Fran_Albertario,@fibertel me podes hacer andar el wifi la pita madre? Gracias,Negativo
92,2018-09-25 22:15:57,facbalseiro,Ustedes tambi√©n se unieron al paro no @fibertel ?,Negativo
93,2018-09-25 22:03:21,marioclep,Hola @fibertel les dej√© un DM. Favor de responder a la brevedad. Gracias,Neutro
94,2018-09-26 21:33:11,weirdotoni,@apple me patrocina eh serio,Positivo
95,2018-09-26 21:28:50,LaSotina,"Poco a poco va muriendo el cargador de mi iPhone, te odio @Apple",Negativo
96,2018-09-26 21:24:46,CiudadanoFran,@elcorteingles @Apple ¬øHace pajillas?,Neutro
97,2018-09-26 21:13:21,idoia_losada,Mira @Apple yo te adoro pero odio que la bater√≠a de los iphone vaya como el jodido culo y s√© desgasten mucho m√°s r√°pido que antes.,Negativo
98,2018-09-26 21:10:32,jcbc90,#AppleWatchSeries4 el mejor juguetito de @Apple https://t.co/6iY8HT8DDB,Positivo
99,2018-09-26 21:09:36,MARISSKAL,@ServicioTelcel @Apple  servicio de @AppleMusicES  es una porqueria no logran activarlo https://t.co/t3s0BKMvDl,Negativo
100,2018-09-26 21:01:59,AsensioSegura,"@elcorteingles @Apple Si la s. social, no va a pagar las pensiones dentro de 10a√±os, porqu√© no destinan el pago de la s.s.,que paga mi empresa y yo, a un seguro privado de pensiones. O creen que podemos seguir trabajando,hasta el d√≠a de nuestra muerte o vivir en la miseria los √∫ltimos a√±os de vida?",Negativo
101,2018-09-26 21:00:09,SoyEntrepreneur,#Tecnolog√≠a  @Apple enfrenta nueva disputa legal con Qualcomm https://t.co/HtbXmlHdcK https://t.co/zNNGBPjXpf,Negativo
102,2018-09-26 20:56:02,foropoliticodig,Esto es lo que le cuesta a @Apple fabricar el #iPhoneXSMax  https://t.co/KZJtK0ucNk https://t.co/8ZJS1M6Mtu,Neutro
103,2018-09-26 20:55:34,BasurtoRicardoR,"@Apple Tengo un Hyundai eternity G24 de 1100 pesos, cuando superen el costo beneficio me cambio!",Negativo
104,2018-09-26 20:50:19,canary_spain,"@Apple Ya era hora de que lo hicieran con conexi√≥n, Esa dependencia constante del m√≥vil no me terminaba de convencer ¬øpodr√≠an cambiarme el series 3 que tengo por la serie 4 con conexi√≥n y pago la diferencia a los se√±ores de Apple please m?",Positivo
105,2018-09-26 20:41:34,Eduardo86997891,@isa_marcial @Apple Que ponga cables decentes y cargador de carga r√°pidaüòÇ,Negativo
106,2018-09-26 20:40:01,d_gonzlez,"@elcorteingles @Apple Cuando llegan existencias a Guadalajara, tengo 2 esperando...",Positivo
107,2018-09-26 20:26:32,TheNintyBoy,"@elcorteingles @Apple Mucho anuncio y spam, pero luego no hay forma de encontrarlo. üôÑ",Negativo
108,2018-09-26 20:17:31,Ulises_Cuerna,@isa_marcial @Apple 35 mil varos m√°s para esa petici√≥n. Atte: Apple,Negativo
109,2018-09-26 20:17:19,mistercarter7,@elcorteingles @Apple Pues no se pero el de acero de 44mm llevo esperando 10 d√≠as y nada... el pedido sigue esperando preparaci√≥n,Negativo
110,2018-09-26 20:16:39,Jonatha76901764,@isa_marcial @Apple Vendr√° par√° la siguiente generaci√≥n c√≥mo '' innovaci√≥n '' xd xd,Positivo
111,2018-09-26 20:05:41,_eMISKY,"@ojbaeza @Apple Eso se soluciona compr√°ndote un Aifon. Ya pueden esperar sentados, verdad? https://t.co/BhnfFhHdbj",Negativo
112,2018-09-26 20:02:39,OscarGarrucho,"@_Raul_Avila @diana_aceves_ @MicrosoftES @Apple He actualizado a High Sierra hace un par de meses, con eso lo digo to!",Neutro
113,2018-09-26 19:59:57,ojbaeza,"Pues s√≠, @Apple me est√° troleando https://t.co/8VYDdxIQSE",Negativo
114,2018-09-26 19:59:45,_Raul_Avila,"@diana_aceves_ @MicrosoftES @Apple Yo siempre suelo esperar un mes o dos para instalar este tipo de actualizaciones. As√≠ me ahorro disgustos, porque siempre l√≠an alguna de primeras.",Negativo
115,2018-09-26 19:58:26,dns_all,Me jakiaton el iPhone @japonton se ve que @Apple es una buena empresa y me env√≠a un pdf para revisar los detalles t√©cnicos la alerta de log in mal escrito https://t.co/jmcKkFbSAn,Neutro
116,2018-09-26 19:58:11,Paloma8aPaloma,Lamentable servicio t√©cnico de @Apple: https://t.co/yo5NXcsclO,Negativo
117,2018-09-26 19:55:30,DONCORLEONE44,@Apple Muy caros son mejores y los note.,Negativo
118,2018-09-26 19:45:44,LaAndreaLoz,@Apple  para cuando sacan unos AirPods m√°s verga que se les pueda subir y bajar el volumen toc√°ndolos? Para comprarlos,Positivo
119,2018-09-26 19:40:34,ATALLMAK,@Apple youtube cubo magnetico por Juan Atallah.,Neutro
120,2018-09-26 19:33:20,AddyNovBa,@jaimecamil @Apple Te encantan los tenis y los iPhone jejejeje,Positivo
121,2018-09-26 19:22:26,ManuWire,@Apple Mucha publicidad y 0 existencias,Negativo
122,2018-09-26 19:17:34,Garfieldgarcia,"@elcorteingles @Apple 15‚Ç¨ y m√≥vil de regalo, no doy m√°s.",Positivo
123,2018-09-26 19:15:41,bitacoraguti,@elcorteingles @Apple En vez de tanto anuncio mejor ser detallistas con los clientes. https://t.co/1NXPn9a00V,Negativo
124,2018-09-26 19:14:39,soypeperamirez,"@Apple Ya estar√° disponible en Coppel o Elektra. es que lo quiero sacar a paguitos chiquitos para pagar poquito. No importa que sea a 30 a√±os.(chascarrillo, no lo tomen a mal) https://t.co/i4lRVM7fiN",Positivo
125,2018-09-26 19:14:20,GRKKA,@SuperQuemao @Apple Gracias te tienen que dar ellos ü§™,Negativo
126,2018-09-26 19:12:20,marcus_hergo,Porque ambas marcas pueden convivir juntas: iPhone Xs Max (@Apple) y Mi band 2 (@XiaomiEspana ) https://t.co/w1lvFdRn8H,Positivo
127,2018-09-26 19:06:11,LilianaBTRJB_,Desde hace tiempo me llegan correos as√≠ Que no son de mi cuenta.Que esta pasando? @Apple https://t.co/WxMaL8E3iZ,Negativo
128,2018-09-26 19:01:39,ViriYuridiaHS,"@jaimecamil @Apple Yo lo quiero, pero m√°s quiero que me peles ‚ù§üòò",Neutro
129,2018-09-26 18:59:03,ChRiSTiAN_0384,@Apple NO FUNCIONA CON @orange_es,Negativo
130,2018-09-26 18:58:56,yourwalterego,@elcorteingles @Apple Lo que siempre le he pedido es que tenga Android como sistema operativo https://t.co/gBdXWRSS23,Neutro
131,2018-09-26 18:58:11,Darizuki,"Los de @Apple para vender te atienden al momento, pero cuando vas a otra cosita ahhhh vaia vaia",Negativo
132,2018-09-26 18:45:43,MarMeca1,@elcorteingles @Apple Si pero las gafas de sol...üòé,Neutro
133,2018-09-26 18:36:40,PeninsulaTres,¬øCu√°nto cuestan nuevos iPhone en M√©xico y cu√°nto en EU?   #Iphone #Apple @Apple #Life&amp;Style https://t.co/Fq4Mwh553k,Neutro
134,2018-09-26 18:33:05,IgnacioGuolo,"@damiannb @OneClickArg @Apple Yo no estoy casado con ninguno, pero en la web de apple el √∫nico q daba turno era oneclickarg yo siempre compr√© en iPoint y MacStation y ninguno de los dos me daba turno simil Apple store. Si hay uno m√°s barato decimos cual y as√≠ nos beneficiamos todos si no es puro bleff",Neutro
135,2018-09-26 18:32:01,condorlois,@CCC_Arg @Apple Nunca me paso ... y tampoco me acuerdo las claves ü§¶‚Äç‚ôÇÔ∏è,Neutro
136,2018-09-26 18:16:58,Beremuah,"Una hora esperando el soporte t√©cnico de @BanorteEscucha @Banorte_mx por tel√©fono... En @Apple ni de chiste pasa eso, al contrario ellos te llaman para solucionar tu problema. Sea el producto o servicio que sea es #atencionAlCliente",Positivo
137,2018-09-26 18:11:35,MoradoTrue,"Con lo que me compro un #iPhoneXSMax de @Apple  hago una fiesta loca, loca, loca, con enanos repartiendo cocaina con charolas en la cabeza, en fila y bailando ""Los enanos si bailan, si se√±or"". -Barrios, 2018",Negativo
138,2018-09-26 18:05:50,harmattanman,@enriquecarrier @Apple Que gente jodida esta de @Apple siempre a contramano con tal de diferenciarse,Negativo
139,2018-09-26 18:01:09,eracilara,"@apple, por que me matastes de desgosto?",Negativo
140,2018-09-26 17:56:00,iVibora,"@Apple Busco sugar daddy, para m√°s informaci√≥n manden inbox üî•üòè",Neutro
141,2018-09-26 17:52:55,gabiprouso,"@Sergiqu @AppleSupport @DHLexpress @Apple Estos de Apple, que por tlf van un poco de sobraos, y esta vez les toca tragarse el cazo.",Negativo
142,2018-09-26 21:22:24,rolling_travel,Rep√∫blica Dominicana üåä PUNTACANAüå¥‚†Ä üîúPr√≥ximas Salida 17 de Noviembre con @Aerolineas_AR ‚†Ä Viv√≠ el caribe #AloRolling‚†Ä #MayoristasdeTurismo #Agencias #vacaciones‚†Ä #naturaleza #mar #amoviajar #aventura #ocio‚†Ä #Turismo #Puntacana https://t.co/5sUeTZ9sbo,Neutro
143,2018-09-26 21:11:47,gamba1063,‚úà Hoy en #H√©roeDeMi√©rcoles @Aerolineas_AR te trae un nuevo desaf√≠o: Mostrame como te estas preparando para el veranito nene!! Gimnasioüí™? Salis a correrüèÉ‚Äç‚ôÇ? A full con la ensaladita ü•í? Prendete que @aletavarone te cuenta un agend√≥n üî•! Escuchame en https://t.co/GvR4wR5wol ! https://t.co/gGfeEUKukg,Neutro
144,2018-09-26 19:43:35,alejandrinyta,"@noeliamarzol @Aerolineas_AR denunciarlo , a mi me arreglaron la maleta sin costo  , la dejaron divina .... NO dejes de denunciar -",Positivo
145,2018-09-26 19:37:03,FFFZurdo,@noeliamarzol @Aerolineas_AR Yo soy paraguayo el mio se fue de Mar del plata a Tucum√°n y vino sin rueda y cortado y sucio,Negativo
146,2018-09-26 18:42:58,elviejostanley,"@noeliamarzol @Aerolineas_AR Te dan otra, dej√° de llorar nena.",Positivo
147,2018-09-26 18:13:36,MauroGrecoRossi,@noeliamarzol @Aerolineas_AR Y agradece que no te chorearon nada de adentro!,Negativo
148,2018-09-26 18:13:04,DNDConsumidor,"@aldeapabloCE @Aerolineas_AR ¬°Hola! Ese reclamo se realiza ante la ANAC, ac√°: https://t.co/44DihNqUrS.",Neutro
149,2018-09-26 18:04:26,CotiBalbo,"@gamba1063 @AgusPedano @PassThor @MET_Medicina @Aerolineas_AR Mi TOC es que la cortina tiene que tocar las puntas del ca√±o que la sostiene s√≠ o s√≠. En el caso del black out, tiene que estar al ras del piso.. No me puedo dormir si alguna est√° mal (como mi cabeza jajaja) Besos chicosss. Constanza 872",Neutro
150,2018-09-26 17:55:39,silvinatwt,Desastre Aerol√≠neas. Tienen m√°s empleados que cualquier otra y la pagina web es obsoleta. Para usar las millas hay que ir hasta la √∫nica oficina- estrat√©gicamente ubicada en la zona HOT de Plaza de Mayo!! @Aerolineas_AR #aerolineasargentinas,Negativo
151,2018-09-26 17:41:23,jessy_carrizo,@Aerolineas_AR hola buenas tardes tengo un cup√≥n de descuento con club personal y quiero saber c√≥mo ingresarlo para realizar la compra de un pasaje! Muchas gracias,Neutro
152,2018-09-26 17:39:49,gdlerchundi,"@noeliamarzol @Aerolineas_AR el problema no es s√≥lo de @Aerolineas_AR , sino tambi√©n de la empresa tercerizada que maneja el subir y bajar el equipaje que la mayor√≠a son todos ladrones y los sindicalistas los cubren y enseguida te cortan el acceso a Ezeiza o aeroparque.",Negativo
153,2018-09-26 17:20:20,FlorMarquez001,@gamba1063 @AgusPedano @PassThor @MET_Medicina @Aerolineas_AR Mi toc es sacarme una zapatilla siempre que me concentro jajaja re normal todo por suerte!!! Por premios Flor 521,Neutro
154,2018-09-26 17:18:21,respira1segundo,"@gamba1063 @AgusPedano @PassThor @MET_Medicina @Aerolineas_AR mi TOC es caminar siempre del lado izquierdo de las personas, SIEMPRE. Est√© donde est√© ü§£ü§£ participo por entradas para la obra de diego peretti! Agostina 781",Neutro
155,2018-09-26 17:17:32,gamba1063,Todos tienen un TOC en el placard üòÇüòù Contanos el tuyo para convertirte en el #HeroeDeMiercoles de #BancameLaSiesta ü§Ø @AgusPedano y @PassThor te cuentan los suyos üò≤ Presentado por @MET_Medicina üöë y @Aerolineas_AR ‚úàÔ∏è https://t.co/lldS93Y0xA,Neutro
156,2018-09-26 17:16:50,GARY1708,@noeliamarzol @Aerolineas_AR Denunciaste?  Cobraste el seguro?,Neutro
157,2018-09-26 16:57:19,lucianaibaezok,@Aerolineas_AR  ser√° posible que anoche compr√© dos pasajes para traer a los viejos y HOY hoy me manda personal que tengo un 25% puedo tener tanta mala suerte? https://t.co/j0poIcogBv,Neutro
158,2018-09-26 16:49:47,ciroterapias,@noeliamarzol @Aerolineas_AR Si f√≥rmulas la denuncia ellos te la pagan.,Positivo
159,2018-09-26 16:47:24,AliciaalegreRh,"@noeliamarzol @Aerolineas_AR Evit√° un problema, comprate otra. No corresponde,  pero son de lo peor cuando reclamas.",Negativo
160,2018-09-26 16:46:23,laugiuliano,@noeliamarzol @Aerolineas_AR Y tenias todo adentro o tambien te robaron???,Neutro
161,2018-09-26 16:42:27,Carlosalascano,@noeliamarzol @Aerolineas_AR Te tienen que dar otra......,Neutro
162,2018-09-26 16:39:59,agu_cirulli,@noeliamarzol @Aerolineas_AR Me hicieron lo mismo cuando viaje de bsas a Roma. Las tiran con odio a las valijas. üòî,Negativo
163,2018-09-26 16:38:39,carla_cosenza,@noeliamarzol @Aerolineas_AR Al menos te la dieron !!! A mi vieja se la mandaron a √Åfrica !!!!!!,Negativo
164,2018-09-26 16:36:38,lufan21,QU√â VERG√úENZA @Aerolineas_AR hace tres horas que estoy llamando por una consulta y no atiende nadie!!!!,Negativo
165,2018-09-26 16:36:24,maujpok,"@noeliamarzol @Aerolineas_AR Por esa raz√≥n @noeliamarzol yo siempre las envuelvo en film a las valijas, dejando el hueco correspondiente para la manija y las ruedas abajo. Es m√°s barato el film que la valija sin dudas. Espero te sirva el consejo!",Positivo
166,2018-09-26 16:33:32,FelipePoveda,"@SIRCRAWLEY @Aerolineas_AR Jodaaaaa!!! Ujuuuu ""suena verano del 92"" jajajaja *pendex for ever*  Jajajaja",Positivo
167,2018-09-26 16:32:46,AriiiRuiz,"@noeliamarzol @Aerolineas_AR Sabes c√≥mo te entiendo !!!! A m√≠ me rompieron los cierres, por suerte tuvieron la precauci√≥n de intentar cerrarla!!!!! Unos HDP",Negativo
168,2018-09-26 16:32:00,ViviBlvn,@noeliamarzol @Aerolineas_AR Naaa que hdp no les importa nada,Negativo
169,2018-09-26 16:31:40,SIRCRAWLEY,"estoy en Bariloche , en el vuelo de @Aerolineas_AR venian egresados de una escuela de BsAs, no es un viaje recomendable compartir vuelo con esos especimenes....",Negativo
170,2018-09-26 16:30:32,mimundomarzol,@noeliamarzol @Aerolineas_AR que desastre ü§¶üèº‚Äç‚ôÄÔ∏è dios mio,Negativo
171,2018-09-26 16:29:13,noeliamarzol,"Gracias @Aerolineas_AR por ser tan cuidadosos con el equipaj, destrizarme la valija y dejarla inutilizable... unos copados üëåüèª",Negativo
172,2018-09-26 15:51:20,GSvch,@Aerolineas_AR cu√°l es su estilo /pol√≠tica d servicios al cliente??.. #estafa con  membresia no contratada !!,Negativo
173,2018-09-26 15:46:26,paulyyacante,"@gamba1063 @TurismoCity @Aerolineas_AR un temazo para cerrar es La Pregunta de Babas√≥nicos, no me canso de escucharlooooooo!!",Positivo
174,2018-09-26 15:19:13,loucipher64,"@perroscalle @Aerolineas_AR @Metro951 estoy tan lejos, tan all√° en el horizonte, que de querer acercarme necesitar√≠a mas que un pasaje de avi√≥n. Hay veces en la vida que esa distancia est√° m√°s que justificada",Negativo
175,2018-09-26 15:17:42,GonzzaloCado,La pol√≠tica de atenci√≥n al p√∫blico de @Aerolineas_AR debe ser tener un solo pajero atendiendo a los treinta giles que estamos ac√° esperando.. para que mierda tienen cinco mostradores si usan de uno a la vez? Incompetentes..,Negativo
176,2018-09-26 15:13:28,perroscalle,La amistad es un regalo que uno mismo se da. ¬øTe distanciaste?  Aerol√≠neas Argentinas y Perros de la calle te acercan.  No te pierdas #SalvandoLasDistancias con @Aerolineas_AR en @perroscalle de 9 a 13 hs por la @Metro951 M√°s info: https://t.co/VoN4rnF8Q1 https://t.co/X8CPtCSQFM,Positivo
177,2018-09-26 15:07:38,braiangonzalia1,"@Aerolineas_AR  as√≠ como publican que sus vuelos salieron a horario en gran porcentaje en el √∫ltimo tiempo , avisen que un vuelo de 1hora 40 dur√≥ 2:30 y en vez d aterrizar en aeroparque nos mandan a eZeiza . Hermosa la aerol√≠nea de bandera",Negativo
178,2018-09-26 15:02:12,carourd_,Yo no digo matarlos pero al menos podemos hacer vuelos separados? Uno con y otro sin ni√±es. Ponete las pilas @Aerolineas_AR,Negativo
179,2018-09-26 14:48:41,SirChandlerBlog,@pabloayb @Aerolineas_AR Desconozco,Negativo
180,2018-09-26 14:46:44,PdelaLlata,"@SebaFernandezB @AM_Escucha Ese me encantaba verlo, como me sorprendi√≥ verlo un d√≠a en AEP a√∫n con el livery anterior de Aerom√©xico, despu√©s le pintaron el empenaje y las letrotas, paso breve por @Aerolineas_AR pero memorable.",Positivo
181,2018-09-26 14:46:04,pabloayb,@SirChandlerBlog se sabe el esquema actual o para enero de los a330/a340 de @Aerolineas_AR para ushuaia?,Neutro
182,2018-09-26 14:20:58,AlePTCarvalho,"@Aerolineas_AR ¬øTengo vuelo marcado para ma√±ana, los vuelos est√°n confirmados o permanecen en huelga?",Neutro
183,2018-09-26 14:06:52,Flight_News16,De esta forma @Aerolineas_AR @flybondioficial y #AmericanAirlines dejar√°n de ser las √∫nicas l√≠neas a√©reas que operen su propio servicio de rampa o por fuera de Intercargo. Recordemos que en breve iniciar√°n operaciones @Norwegian_ARG y @VuelaJetSMART,Neutro
184,2018-09-26 13:53:50,sebastianelias4,@FiniMarco @Aerolineas_AR Alta chotada nuestra empresa a√©rea,Negativo
185,2018-09-26 13:18:40,jonatanfrank,Llegar a aeroparque a las 6.30 para que te aviden que tu vuelo de las 8 se cancelo y te van pateando hasta 4 hs mas tarde y que te toque viajar con un grupo de inadaprados sociales de 5to a√±o que ponen reggeaton para todos y tiran yerba en la alfombra. Algo mas @Aerolineas_AR ?,Negativo
186,2018-09-26 13:12:08,gamba1063,Hoy en el #H√©roeDeMi√©coles jugamos en #Generaci√≥nGamba con las publicidades!! hacete una publi con cosas de la vida #VivoEnUnaPublicidad üòÇüëèüëè Prendete a la Ma√±ana de Gamba presentado por @TurismoCity y @Aerolineas_AR https://t.co/G6wPTerOJu,Neutro
187,2018-09-26 13:08:15,EstacionTrip,La felicidad de viajar para ir pero tambi√©n para volver a casa con la tarea cumplida @PatriciaVeltri üìπüì∫üì∑ Gracias @Aerolineas_AR https://t.co/4KGRFKqzGA,Positivo
188,2018-09-26 12:51:35,luzmialt,D√≠a 3 que @Aerolineas_AR sigue sin atender llamados y sin hacerse cargo. La verdad que son unos copados eh!,Negativo
189,2018-09-26 12:31:04,fiorebagatello,@Aerolineas_AR para IOS,Neutro
190,2018-09-26 12:30:49,fiorebagatello,@Aerolineas_AR me encantar√≠a que ofrezcan como servicio el poder guardar el check in aqu√≠. Hacer una captura del c√≥digo me trae problemas. Gracias! https://t.co/Qw4HHpfkiW,Neutro
