2;26/09/2018 20:51;raulbarcelook;DESDE BOXES x El Garage hoy 19 H Temario @Toyota_Arg present√≥ el Yaris fabricado en Brasil! @vwargentina el Vento motor 1.4 T En su cumplea√±os 80,O Berta recuerda al Berta LR! +del @citroenarg C4 Cactus 1-2 de @RenaultArg en STC2000   Conducci√≥n:Ra√∫l Barcel√≥ https://t.co/jxyJEubuGN;Neutro
6;26/09/2018 18:00;Totalmedios_com;"@tudiscovery pone en pantalla ""Naturaleza Salvaje By Amarok"" @VWAmarokArg  @vwargentina #FedericoAmador   https://t.co/AApSOEltPf https://t.co/rEdJApLY6G";Neutro
7;26/09/2018 17:13;TheBrandSoup;COBERTURA https://t.co/dlhRdsAoUE - VW AMAROK y su NATURALEZA SALVAJE en DISCOVERY Channel. Enterate todo sobre esta producci√≥n conducida por Federico Amador en nuestra nota de cobertura. @tudiscovery @VWArgentina @carvajalprteam @CableFibertel https://t.co/9kzPEPrRZi https://t.co/QknsmtRyEW;Neutro
10;26/09/2018 15:58;InfoAutoAr;El nuevo #Volkswagen #Vento se ofrece con dos tipos de #financiaci√≥n @vwargentina - A trav√©s de su compa√±√≠a financiera, Volkswagen Financial Services, la firma alemana otorga pr√©stamos prendarios para todos sus modelos. L√©elo en la web de @InfoAutoAr (https://t.co/rOMFNVRJXe) https://t.co/PzGyeLDi9a;Neutro
12;26/09/2018 14:29;autofaro;Las camionetas Volkswagen Amarok acompa√±aron la primera presentaci√≥n de la categor√≠a de pick-ups del TC en el Aut√≥dromo de La Plata. cc @vwargentina @VWAmarokArg https://t.co/3rrDxDZ51x https://t.co/7srgj0QAyx;Neutro
14;26/09/2018 13:53;Carscomar;üì∫Cars TV  Programa con un cl√°sico SUV japon√©s Probamos la renovaci√≥n de la Honda CR-V, un emblema de la marca y del segmento. Adem√°s, lanzamiento de @citroenarg C3 Urban Trail y el stand de @vwargentina en La Rural.  https://t.co/C8D40NKulU https://t.co/p20gszRY74;Neutro
15;26/09/2018 13:47;autofaro;Junto con la presentaci√≥n del Volkswagen Vento, dio inicio su comercializaci√≥n, que pone en el mercado local dos versiones. cc @vwargentina https://t.co/cstARG7YRE https://t.co/QDWj9oYIhW;Neutro
18;25/09/2018 22:47;autofaro;Volkswagen tuvo presencia en la Feria Forestal Argentina que se llev√≥ a cabo en el Parque del Conocimiento en Posadas, Misiones. cc @vwargentina @VWCamionesBuses https://t.co/63Wx9SoAbc https://t.co/agFOCMqYHJ;Neutro
20;25/09/2018 20:38;carlosdsaavedra;DEJATE LLEVAR POR EL VENTO https://t.co/YeUyvNx47p v√≠a @Visi√≥n Auto @vwargentina;Neutro
22;25/09/2018 19:35;DNDConsumidor;@diego_tiseira @vwargentina @DPNArgentina ¬°Hola! La empresa debe ofrecerte trato digno y correcta atenci√≥n. Reclam√° ac√° ‚Üí https://t.co/VI6XE5CVmb.;Neutro
23;25/09/2018 18:36;dcoronel;"#TCPickUp. Martin Sorrondegui, gerente de ventas de @vwargentina: ""ntro. acuerdo abarca la incorporaci√≥n de nuestras Amarok como veh√≠culos de rescate. Las Amarok que compitan lo har√°n de forma privada y por decisi√≥n de cada equipo"". V√≠a @visionautoarg";Neutro
24;25/09/2018 18:25;FlipiMcGough;Nuevo #VW #Vento de @vwargentina üôåüôåüôåüôå Este s√°bado todos los detalles en #CentralFOXNitro #Industria #FOXSports3 tomasamorena @carolina_jalon @ Greater Buenos Aires https://t.co/ylPV8Wg2dj;Neutro
25;25/09/2018 17:50;GuidoTonelli;Martes de producci√≥n para @routieretest con el @vwargentina #NuevoVento ‚úîÔ∏è https://t.co/zPT2l17ldL;Neutro
26;25/09/2018 16:52;cupandcakec;Pastel Combi Clasica @vwmx @VW @vwargentina @VWMexico @VWChile https://t.co/7xyjooiSS1;Neutro
27;25/09/2018 16:32;autofaro;La matriz MEB que recientemente presentara Volkswagen ser√° la piedra basal de los futuros modelos el√©ctricos de sus distintas marcas. cc @vwargentina https://t.co/IixeGa7Dwj https://t.co/awdYAtWcn6;Neutro
28;25/09/2018 16:06;FormulaAutoFM;#FelizMartes se√±ores‚Ä¶ ¬øDe qu√© sabor quieren su combi? #LaCombiDelD√≠a @Volkswagen_MX @VW @VW_es @vwargentina @vwbrasil @cuartodemillamx @raton_miguelito @ArturoRiveraMTV Esc√∫chanos s√°bado y domingo 104.1fm y 1500 am https://t.co/1bsGtoVKDh;Neutro
33;25/09/2018 13:29;AutomundoARG;Aqu√≠, todo lo que ten√©s que saber del #NuevoVento de @vwargentina, que se comercializa en las versiones Comfortline y Highline. #Datos, #Precios #Fotos #HayVideo. Hac√© click aqu√≠: https://t.co/UZNCYcg890 https://t.co/IZKSbby8PL;Neutro
34;25/09/2018 13:29;diegodurruty;Aqu√≠, todo lo que ten√©s que saber del #NuevoVento de @vwargentina, que se comercializa en las versiones Comfortline y Highline. #Datos, #Precios #Fotos #HayVideo. Hac√© click aqu√≠: https://t.co/5WvVdIZjbz https://t.co/X3icMCcBmO;Neutro
36;25/09/2018 11:30;InfoAutoAr;Lo m√°s le√≠do de ayer en la web de @InfoAutoAr fue: (https://t.co/uDfw7CiDrM) @vwargentina https://t.co/Wfdw6CWAo6;Neutro
40;24/09/2018 22:59;KilometrosArg;Todo sobre la nueva generaci√≥n del @vwargentina #Vento que cambi√≥ su plataforma, renov√≥ el dise√±o y sum√≥ equipamiento. https://t.co/hGYqsO5R9R;Neutro
47;24/09/2018 14:44;DNDConsumidor;@SidraMamacaida @war_maurice @vwargentina @espasa @radiomitre @clarincom Hola. ¬øYa reclamaste ante @DNDConsumidor? Si no, hacelo ac√° ‚Üí https://t.co/VI6XE5CVmb.;Neutro
48;24/09/2018 14:34;Algobiernoblog;@vwargentina Esta bien hacer eso? Cu√°nto es lo que verdaderamente vale? No tienen reclamos de @AFIPcomunica por ajustes de precios de transferencia?;Neutro
50;24/09/2018 13:17;horacioalonso16;"La semana pasada en √Åmbito se adelantaban los planes de @vwargentina y Ford para producir una pickup ""integrada"" entre la Amarok y la Ranger en Pacheco. Hoy @Autoblogcomar avanza con el tema con m√°s informaci√≥n.  https://t.co/g0VZR1KJ6m https://t.co/r23SYWoo7K https://t.co/hQwMl7s7dO";Neutro
52;26/09/2018 21:13;CableFibertel;@gonzalobenoffi @fibertel Hola. Te respond√≠ por DM.;Neutro
53;26/09/2018 21:11;gonzalobenoffi;@CableFibertel @fibertel quiero dar de baja el debito automatico y pagar la factura de este mes con otro medio. gracias!;Neutro
59;26/09/2018 20:39;DNDConsumidor;@rodrixparedes @CableFibertel @fibertel ¬°Hola! La empresa debe garantizar el servicio, reintegrarte todas las interrupciones y brindarte correcta atenci√≥n. Reclam√° ac√° ‚Üí https://t.co/VI6XE5CVmb.;Neutro
60;26/09/2018 19:29;DNDConsumidor;@maggieiglesias @BAconsumidor @CableFibertel @fibertel ¬°Hola! La empresa debe garantizar el servicio, reintegrarte todas las interrupciones y brindarte correcta atenci√≥n. Reclam√° ac√° ‚Üí https://t.co/VI6XE5CVmb.;Neutro
61;26/09/2018 19:25;DNDConsumidor;@juangazzola @CableFibertel @fibertel ¬°Hola! La empresa debe garantizar el servicio, reintegrarte todas las interrupciones y brindarte correcta atenci√≥n. Reclam√° ac√° ‚Üí https://t.co/VI6XE5CVmb.;Neutro
64;26/09/2018 16:39;JULESASFUCK;@fibertel les deje una duda x dm;Neutro
66;26/09/2018 15:15;CableFibertel;@MeeeLy @fibertel Hola, seguinos y envianos por DM el DNi del titular para ayudarte, te esperamos.;Neutro
77;26/09/2018 12:26;emboole;@fibertel buen d√≠a! me acaban de llamar del ivr por falta de pago. Hab√≠a ingresado con tarjeta de cr√©dito el pago hace unos d√≠as. Podr√≠an verificar si pas√≥? en todo caso me gustar√≠a adem√°s adherirme por tarjeta de cr√©dito a pago autom√°tico (y no;Neutro
93;25/09/2018 22:03;marioclep;Hola @fibertel les dej√© un DM. Favor de responder a la brevedad. Gracias;Neutro
96;26/09/2018 21:24;CiudadanoFran;@elcorteingles @Apple ¬øHace pajillas?;Neutro
102;26/09/2018 20:56;foropoliticodig;Esto es lo que le cuesta a @Apple fabricar el #iPhoneXSMax  https://t.co/KZJtK0ucNk https://t.co/8ZJS1M6Mtu;Neutro
112;26/09/2018 20:02;OscarGarrucho;@_Raul_Avila @diana_aceves_ @MicrosoftES @Apple He actualizado a High Sierra hace un par de meses, con eso lo digo to!;Neutro
115;26/09/2018 19:58;dns_all;Me jakiaton el iPhone @japonton se ve que @Apple es una buena empresa y me env√≠a un pdf para revisar los detalles t√©cnicos la alerta de log in mal escrito https://t.co/jmcKkFbSAn;Neutro
119;26/09/2018 19:40;ATALLMAK;@Apple youtube cubo magnetico por Juan Atallah.;Neutro
128;26/09/2018 19:01;ViriYuridiaHS;@jaimecamil @Apple Yo lo quiero, pero m√°s quiero que me peles ‚ù§üòò;Neutro
130;26/09/2018 18:58;yourwalterego;@elcorteingles @Apple Lo que siempre le he pedido es que tenga Android como sistema operativo https://t.co/gBdXWRSS23;Neutro
132;26/09/2018 18:45;MarMeca1;@elcorteingles @Apple Si pero las gafas de sol...üòé;Neutro
134;26/09/2018 18:33;IgnacioGuolo;@damiannb @OneClickArg @Apple Yo no estoy casado con ninguno, pero en la web de apple el √∫nico q daba turno era oneclickarg yo siempre compr√© en iPoint y MacStation y ninguno de los dos me daba turno simil Apple store. Si hay uno m√°s barato decimos cua;Neutro
135;26/09/2018 18:32;condorlois;@CCC_Arg @Apple Nunca me paso ... y tampoco me acuerdo las claves ü§¶‚Äç‚ôÇÔ∏è;Neutro
140;26/09/2018 17:56;iVibora;@Apple Busco sugar daddy, para m√°s informaci√≥n manden inbox üî•üòè;Neutro
142;26/09/2018 21:22;rolling_travel;Rep√∫blica Dominicana üåä PUNTACANAüå¥‚†Ä üîúPr√≥ximas Salida 17 de Noviembre con @Aerolineas_AR ‚†Ä Viv√≠ el caribe #AloRolling‚†Ä #MayoristasdeTurismo #Agencias #vacaciones‚†Ä #naturaleza #mar #amoviajar #aventura #ocio‚†Ä #Turismo #Puntacana https://t.co/5sUeTZ9sbo;Neutro
143;26/09/2018 21:11;gamba1063;‚úà Hoy en #H√©roeDeMi√©rcoles @Aerolineas_AR te trae un nuevo desaf√≠o: Mostrame como te estas preparando para el veranito nene!! Gimnasioüí™? Salis a correrüèÉ‚Äç‚ôÇ? A full con la ensaladita ü•í? Prendete que @aletavarone te cuenta un agend√≥n üî•! Escuchame en https://t.co/GvR4wR5wol ! https://t.co/gGfeEUKukg;Neutro
148;26/09/2018 18:13;DNDConsumidor;@aldeapabloCE @Aerolineas_AR ¬°Hola! Ese reclamo se realiza ante la ANAC, ac√°: https://t.co/44DihNqUrS.;Neutro
149;26/09/2018 18:04;CotiBalbo;@gamba1063 @AgusPedano @PassThor @MET_Medicina @Aerolineas_AR Mi TOC es que la cortina tiene que tocar las puntas del ca√±o que la sostiene s√≠ o s√≠. En el caso del black out, tiene que estar al ras del piso.. No me puedo dormir si alguna est√° mal (como;Neutro
151;26/09/2018 17:41;jessy_carrizo;@Aerolineas_AR hola buenas tardes tengo un cup√≥n de descuento con club personal y quiero saber c√≥mo ingresarlo para realizar la compra de un pasaje! Muchas gracias;Neutro
153;26/09/2018 17:20;FlorMarquez001;@gamba1063 @AgusPedano @PassThor @MET_Medicina @Aerolineas_AR Mi toc es sacarme una zapatilla siempre que me concentro jajaja re normal todo por suerte!!! Por premios Flor 521;Neutro
154;26/09/2018 17:18;respira1segundo;@gamba1063 @AgusPedano @PassThor @MET_Medicina @Aerolineas_AR mi TOC es caminar siempre del lado izquierdo de las personas, SIEMPRE. Est√© donde est√© ü§£ü§£ participo por entradas para la obra de diego peretti! Agostina 781;Neutro
155;26/09/2018 17:17;gamba1063;Todos tienen un TOC en el placard üòÇüòù Contanos el tuyo para convertirte en el #HeroeDeMiercoles de #BancameLaSiesta ü§Ø @AgusPedano y @PassThor te cuentan los suyos üò≤ Presentado por @MET_Medicina üöë y @Aerolineas_AR ‚úàÔ∏è https://t.co/lldS93Y0xA;Neutro
156;26/09/2018 17:16;GARY1708;@noeliamarzol @Aerolineas_AR Denunciaste?  Cobraste el seguro?;Neutro
157;26/09/2018 16:57;lucianaibaezok;@Aerolineas_AR  ser√° posible que anoche compr√© dos pasajes para traer a los viejos y HOY hoy me manda personal que tengo un 25% puedo tener tanta mala suerte? https://t.co/j0poIcogBv;Neutro
160;26/09/2018 16:46;laugiuliano;@noeliamarzol @Aerolineas_AR Y tenias todo adentro o tambien te robaron???;Neutro
161;26/09/2018 16:42;Carlosalascano;@noeliamarzol @Aerolineas_AR Te tienen que dar otra......;Neutro
181;26/09/2018 14:46;pabloayb;@SirChandlerBlog se sabe el esquema actual o para enero de los a330/a340 de @Aerolineas_AR para ushuaia?;Neutro
182;26/09/2018 14:20;AlePTCarvalho;@Aerolineas_AR ¬øTengo vuelo marcado para ma√±ana, los vuelos est√°n confirmados o permanecen en huelga?;Neutro
183;26/09/2018 14:06;Flight_News16;De esta forma @Aerolineas_AR @flybondioficial y #AmericanAirlines dejar√°n de ser las √∫nicas l√≠neas a√©reas que operen su propio servicio de rampa o por fuera de Intercargo. Recordemos que en breve iniciar√°n operaciones @Norwegian_ARG y @VuelaJetSMART;Neutro
186;26/09/2018 13:12;gamba1063;Hoy en el #H√©roeDeMi√©coles jugamos en #Generaci√≥nGamba con las publicidades!! hacete una publi con cosas de la vida #VivoEnUnaPublicidad üòÇüëèüëè Prendete a la Ma√±ana de Gamba presentado por @TurismoCity y @Aerolineas_AR https://t.co/G6wPTerOJu;Neutro
189;26/09/2018 12:31;fiorebagatello;@Aerolineas_AR para IOS;Neutro
190;26/09/2018 12:30;fiorebagatello;@Aerolineas_AR me encantar√≠a que ofrezcan como servicio el poder guardar el check in aqu√≠. Hacer una captura del c√≥digo me trae problemas. Gracias! https://t.co/Qw4HHpfkiW;Neutro
